"","IIdx","Rank","Dist","NIdx","NID","MSLD","ND","TVD","MSFD","Donated"
"1",0,0,0,0,0,0,0,0,0,0
"2",1,1,0.171226866312047,45,721,-1.109636079,-1.213548964,-1.213548964,0.646449775,1
"3",1,2,0.171226866312047,44,712,-1.109636079,-1.213548964,-1.213548964,0.646449775,0
"4",1,3,0.223410053163624,31,298,-1.109636079,-1.300118066,-1.300118066,0.6781243,1
"5",1,4,0.308561743183379,402,641,-1.109636079,-1.213548964,-1.213548964,0.481527201,1
"6",1,5,0.320427799020062,34,446,-1.109636079,-1.379091478,-1.379091478,0.860175521,1
"7",2,1,0.329527917051951,550,338,1.487729835,-0.589133831,-0.589133831,0.614359355,0
"8",2,2,0.406704598356471,548,118,1.348487,-0.589133831,-0.589133831,0.709397,0
"9",2,3,0.42582767439748,310,193,1.487729835,-0.393788889,-0.393788889,0.190349155,0
"10",2,4,0.451431379936026,253,253,0.956547268,-0.751539609,-0.751539609,0.376708903,0
"11",2,5,0.452485384275791,259,20,0.956547268,-0.589133831,-0.589133831,0.266799003,1
"12",3,1,0.150554890989817,468,637,-0.572448496,1.49423964,1.49423964,-1.639570526,0
"13",3,2,0.150554890989817,179,217,-0.572448496,1.49423964,1.49423964,-1.639570526,0
"14",3,3,0.150554890989817,175,252,-0.572448496,1.49423964,1.49423964,-1.639570526,0
"15",3,4,0.150554890989817,469,417,-0.572448496,1.49423964,1.49423964,-1.639570526,0
"16",3,5,0.150554890989817,168,239,-0.572448496,1.49423964,1.49423964,-1.639570526,0
"17",4,1,0.0630810607942815,142,359,0.471473252,-1.117854791,-1.117854791,0.266799003,0
"18",4,2,0.136357816237655,163,533,0.471473252,-1.01100296,-1.01100296,0.376708903,0
"19",4,3,0.221815371988915,461,270,0.578782997,-1.213548964,-1.213548964,0.412182818,0
"20",4,4,0.260043932996306,443,351,0.235528465,-1.01100296,-1.01100296,0.376708903,0
"21",4,5,0.324210756989771,182,709,0.357442558,-0.890212447,-0.890212447,0.412182818,0
"22",5,1,0.180044650548538,399,495,-0.810535068,-1.117854791,-1.117854791,0.190349155,1
"23",5,2,0.214000667210717,20,372,-0.572448496,-1.213548964,-1.213548964,-0.013839696,0
"24",5,3,0.225410392637222,400,280,-0.572448496,-1.117854791,-1.117854791,-0.013839696,1
"25",5,4,0.225410392637222,28,175,-0.572448496,-1.117854791,-1.117854791,-0.013839696,1
"26",5,5,0.225410392637222,27,222,-0.572448496,-1.117854791,-1.117854791,-0.013839696,1
"27",6,1,0.305283634372598,4,160,-1.109636079,-1.793432165,-1.793432165,0.614359355,1
"28",6,2,0.383457683538762,395,407,-0.810535068,-1.451648015,-1.451648015,0.266799003,0
"29",6,3,0.414549379009092,16,191,-1.109636079,-1.518714928,-1.518714928,0.740281188,1
"30",6,4,0.454764135754279,15,40,-1.109636079,-1.451648015,-1.451648015,0.709397,1
"31",6,5,0.461703016267817,23,734,-0.572448496,-1.451648015,-1.451648015,0.447115082,0
"32",7,1,0.0882806146283381,74,54,-0.572448496,0.643738116,0.643738116,-1.639570526,0
"33",7,2,0.0882806146283381,78,476,-0.572448496,0.643738116,0.643738116,-1.639570526,0
"34",7,3,0.0882806146283381,418,24,-0.572448496,0.643738116,0.643738116,-1.639570526,1
"35",7,4,0.0882806146283381,77,311,-0.572448496,0.643738116,0.643738116,-1.639570526,0
"36",7,5,0.0882806146283381,73,546,-0.572448496,0.643738116,0.643738116,-1.639570526,0
"37",8,1,0.12965410315836,536,627,0.776698353,1.49423964,1.49423964,-0.741697737,0
"38",8,2,0.12965410315836,291,18,0.776698353,1.49423964,1.49423964,-0.741697737,0
"39",8,3,0.12965410315836,293,122,0.776698353,1.49423964,1.49423964,-0.741697737,0
"40",8,4,0.12965410315836,533,368,0.776698353,1.49423964,1.49423964,-0.741697737,0
"41",8,5,0.12965410315836,534,697,0.776698353,1.49423964,1.49423964,-0.741697737,0
"42",9,1,0.645695718723991,384,597,1.487729835,0.172880205,0.172880205,1.754104697,0
"43",9,2,0.657012856775462,381,560,0.956547268,0.643738116,0.643738116,1.31687973,0
"44",9,3,0.724110535078232,382,287,1.348487,0.172880205,0.172880205,1.31687973,0
"45",9,4,0.800147043867234,380,305,1.348487,0.172880205,0.172880205,1.164186551,0
"46",9,5,0.812637166635213,574,360,1.348487,0.643738116,0.643738116,0.830725571,0
"47",10,1,0.123488174784899,326,177,0.776698353,-0.149807866,-0.149807866,0.974755346,0
"48",10,2,0.200313924836083,552,173,0.956547268,-0.149807866,-0.149807866,1.002640843,0
"49",10,3,0.314361819247327,302,713,0.471473252,-0.149807866,-0.149807866,1.084605966,0
"50",10,4,0.319634810094968,300,599,0.471473252,-0.149807866,-0.149807866,1.030239339,0
"51",10,5,0.325769220682422,299,716,0.471473252,-0.149807866,-0.149807866,1.002640843,0
"52",11,1,0.0982965098329777,478,422,0.68028211,0.172880205,0.172880205,-0.741697737,1
"53",11,2,0.21032529919914,199,70,0.471473252,0.172880205,0.172880205,-0.616712577,1
"54",11,3,0.221646837488908,229,616,0.776698353,0.172880205,0.172880205,-0.445717247,1
"55",11,4,0.230072449242012,167,517,0.471473252,0.172880205,0.172880205,-0.741697737,0
"56",11,5,0.319315850698828,503,504,0.776698353,0.172880205,0.172880205,-0.340579242,0
"57",12,1,0.326660251122284,280,201,0.471473252,-0.589133831,-0.589133831,1.341555111,0
"58",12,2,0.413787043965596,276,572,0.776698353,-0.589133831,-0.589133831,0.800933818,0
"59",12,3,0.417236627737888,525,430,0.471473252,-0.751539609,-0.751539609,1.438225239,0
"60",12,4,0.450429351243764,222,36,0.471473252,-0.890212447,-0.890212447,0.709397,0
"61",12,5,0.451750034874086,512,411,0.471473252,-0.890212447,-0.890212447,1.366022838,0
"62",13,1,0.342224634980771,95,386,-0.572448496,-1.213548964,-1.213548964,1.084605966,0
"63",13,2,0.473161331181236,436,331,-0.572448496,-1.01100296,-1.01100296,0.918090569,0
"64",13,3,0.491523625798758,149,586,-0.572448496,-1.300118066,-1.300118066,1.732576379,0
"65",13,4,0.554811362779173,432,229,-0.572448496,-1.01100296,-1.01100296,0.830725571,0
"66",13,5,0.564061091833851,475,136,-0.572448496,-0.751539609,-0.751539609,1.111388605,0
"67",14,1,0.150554890989817,468,637,-0.572448496,1.49423964,1.49423964,-1.639570526,0
"68",14,2,0.150554890989817,179,217,-0.572448496,1.49423964,1.49423964,-1.639570526,0
"69",14,3,0.150554890989817,175,252,-0.572448496,1.49423964,1.49423964,-1.639570526,0
"70",14,4,0.150554890989817,469,417,-0.572448496,1.49423964,1.49423964,-1.639570526,0
"71",14,5,0.150554890989817,168,239,-0.572448496,1.49423964,1.49423964,-1.639570526,0
"72",15,1,0.102817263934296,146,432,-0.572448496,-0.149807866,-0.149807866,-0.101636954,1
"73",15,2,0.369625205333226,427,319,-0.572448496,-0.149807866,-0.149807866,-0.500788071,0
"74",15,3,0.383908346173081,476,603,-0.572448496,-0.149807866,-0.149807866,0.228911412,1
"75",15,4,0.403902251459393,99,308,-0.572448496,-0.393788889,-0.393788889,-0.101636954,1
"76",15,5,0.413521406210731,90,653,-0.572448496,-0.393788889,-0.393788889,-0.241291892,0
"77",16,1,0.129366265198485,269,551,0.471473252,1.49423964,1.49423964,-0.951183901,0
"78",16,2,0.129366265198485,513,625,0.471473252,1.49423964,1.49423964,-0.951183901,0
"79",16,3,0.129366265198485,268,152,0.471473252,1.49423964,1.49423964,-0.951183901,0
"80",16,4,0.129366265198485,514,592,0.471473252,1.49423964,1.49423964,-0.951183901,0
"81",16,5,0.129366265198485,515,552,0.471473252,1.49423964,1.49423964,-0.951183901,1
"82",17,1,0.129356094138189,166,553,0.471473252,-0.589133831,-0.589133831,-0.057250437,0
"83",17,2,0.161522707468512,477,123,0.471473252,-0.589133831,-0.589133831,-0.013839696,0
"84",17,3,0.369251527939605,225,44,0.776698353,-0.393788889,-0.393788889,-0.101636954,0
"85",17,4,0.389067042194165,234,133,0.776698353,-0.393788889,-0.393788889,-0.013839696,0
"86",17,5,0.40080584024378,444,108,0.471473252,-0.393788889,-0.393788889,-0.500788071,0
"87",18,1,0.365952848723829,456,600,0.235528465,-1.213548964,-1.213548964,0.740281188,1
"88",18,2,0.541611670269076,159,113,0.235528465,-1.01100296,-1.01100296,0.614359355,0
"89",18,3,0.547095811626389,403,250,-0.572448496,-1.379091478,-1.379091478,0.412182818,1
"90",18,4,0.558770535567397,23,734,-0.572448496,-1.451648015,-1.451648015,0.447115082,0
"91",18,5,0.593034163075066,479,273,0.235528465,-1.01100296,-1.01100296,0.88929393,0
"92",19,1,0.0795614526161201,342,420,1.487729835,-1.300118066,-1.300118066,1.689075155,0
"93",19,2,0.555922778568286,526,418,1.275527738,-1.451648015,-1.451648015,1.291991927,1
"94",19,3,0.623323498491862,520,642,0.956547268,-1.451648015,-1.451648015,1.62266982,0
"95",19,4,0.647568502801143,304,315,0.956547268,-1.117854791,-1.117854791,1.754104697,0
"96",19,5,0.647640496833219,519,100,0.956547268,-1.518714928,-1.518714928,1.710900771,0
"97",20,1,0.225834610508166,102,662,-1.109636079,-0.149807866,-0.149807866,-0.101636954,0
"98",20,2,0.307030079798099,426,99,-1.109636079,-0.149807866,-0.149807866,-0.241291892,0
"99",20,3,0.347786867331827,146,432,-0.572448496,-0.149807866,-0.149807866,-0.101636954,1
"100",20,4,0.352215655689773,148,618,-1.109636079,-0.149807866,-0.149807866,0.266799003,0
"101",20,5,0.417102091066616,476,603,-0.572448496,-0.149807866,-0.149807866,0.228911412,1
"102",21,1,0.1609316471502,50,502,-1.109636079,-0.751539609,-0.751539609,-0.013839696,1
"103",21,2,0.163662905873675,71,630,-1.109636079,-0.589133831,-0.589133831,-0.013839696,1
"104",21,3,0.163662905873675,72,5,-1.109636079,-0.589133831,-0.589133831,-0.013839696,0
"105",21,4,0.163662905873675,417,355,-1.109636079,-0.589133831,-0.589133831,-0.013839696,1
"106",21,5,0.184434673912914,411,259,-1.109636079,-0.589133831,-0.589133831,-0.101636954,0
"107",22,1,0.13518260185637,437,147,-0.572448496,-0.589133831,-0.589133831,0.266799003,1
"108",22,2,0.13518260185637,435,729,-0.572448496,-0.589133831,-0.589133831,0.266799003,0
"109",22,3,0.191279382582778,429,86,-0.572448496,-0.589133831,-0.589133831,0.070270318,0
"110",22,4,0.19830571612895,151,725,-0.572448496,-0.393788889,-0.393788889,0.228911412,0
"111",22,5,0.204237726998538,442,383,-0.572448496,-0.589133831,-0.589133831,0.376708903,1
"112",23,1,0.174770775089558,57,146,-0.572448496,-0.751539609,-0.751539609,-0.147060021,0
"113",23,2,0.187028637432156,428,661,-0.371410514,-0.589133831,-0.589133831,-0.013839696,0
"114",23,3,0.228306092110854,33,92,-0.572448496,-0.751539609,-0.751539609,-0.290258347,1
"115",23,4,0.277552229996104,429,86,-0.572448496,-0.589133831,-0.589133831,0.070270318,0
"116",23,5,0.339136472432305,49,612,-0.572448496,-0.890212447,-0.890212447,-0.101636954,1
"117",24,1,0.150554890989817,468,637,-0.572448496,1.49423964,1.49423964,-1.639570526,0
"118",24,2,0.150554890989817,179,217,-0.572448496,1.49423964,1.49423964,-1.639570526,0
"119",24,3,0.150554890989817,175,252,-0.572448496,1.49423964,1.49423964,-1.639570526,0
"120",24,4,0.150554890989817,469,417,-0.572448496,1.49423964,1.49423964,-1.639570526,0
"121",24,5,0.150554890989817,168,239,-0.572448496,1.49423964,1.49423964,-1.639570526,0
"122",25,1,0.128039555804365,201,115,-1.109636079,0.172880205,0.172880205,0.266799003,0
"123",25,2,0.487317513696533,148,618,-1.109636079,-0.149807866,-0.149807866,0.266799003,0
"124",25,3,0.528419723799755,460,503,-1.109636079,0.172880205,0.172880205,-0.193586817,0
"125",25,4,0.534668442453146,186,195,-1.109636079,-0.149807866,-0.149807866,0.548870389,0
"126",25,5,0.623111996227605,145,631,-1.109636079,0.172880205,0.172880205,-0.290258347,0
"127",26,1,0.190729318961518,149,586,-0.572448496,-1.300118066,-1.300118066,1.732576379,0
"128",26,2,0.345275263574125,466,7,-0.572448496,-1.213548964,-1.213548964,1.880324157,0
"129",26,3,0.411427021113343,194,219,-0.038570075,-1.300118066,-1.300118066,1.689075155,0
"130",26,4,0.454667405725738,482,561,-0.038570075,-1.213548964,-1.213548964,1.754104697,0
"131",26,5,0.522274865130294,433,200,-0.572448496,-1.581034348,-1.581034348,1.941643219,1
"132",27,1,0.121686560097796,120,705,-1.109636079,0.643738116,0.643738116,-0.951183901,1
"133",27,2,0.121686560097796,441,165,-1.109636079,0.643738116,0.643738116,-0.951183901,1
"134",27,3,0.121686560097796,121,651,-1.109636079,0.643738116,0.643738116,-0.951183901,0
"135",27,4,0.121686560097796,119,51,-1.109636079,0.643738116,0.643738116,-0.951183901,0
"136",27,5,0.121686560097796,113,687,-1.109636079,0.643738116,0.643738116,-0.951183901,0
"137",28,1,0.12965410315836,536,627,0.776698353,1.49423964,1.49423964,-0.741697737,0
"138",28,2,0.12965410315836,291,18,0.776698353,1.49423964,1.49423964,-0.741697737,0
"139",28,3,0.12965410315836,293,122,0.776698353,1.49423964,1.49423964,-0.741697737,0
"140",28,4,0.12965410315836,533,368,0.776698353,1.49423964,1.49423964,-0.741697737,0
"141",28,5,0.12965410315836,534,697,0.776698353,1.49423964,1.49423964,-0.741697737,0
"142",29,1,0.086262055114026,115,151,-0.572448496,0.172880205,0.172880205,-0.616712577,0
"143",29,2,0.086262055114026,116,213,-0.572448496,0.172880205,0.172880205,-0.616712577,0
"144",29,3,0.457768191179325,98,667,-1.109636079,0.172880205,0.172880205,-0.616712577,1
"145",29,4,0.458169675071568,178,746,-0.572448496,0.172880205,0.172880205,-0.193586817,0
"146",29,5,0.467170544097765,425,531,-1.109636079,0.172880205,0.172880205,-0.741697737,0
"147",30,1,0.171226866312047,45,721,-1.109636079,-1.213548964,-1.213548964,0.646449775,1
"148",30,2,0.171226866312047,44,712,-1.109636079,-1.213548964,-1.213548964,0.646449775,0
"149",30,3,0.223410053163624,31,298,-1.109636079,-1.300118066,-1.300118066,0.6781243,1
"150",30,4,0.308561743183379,402,641,-1.109636079,-1.213548964,-1.213548964,0.481527201,1
"151",30,5,0.320427799020062,34,446,-1.109636079,-1.379091478,-1.379091478,0.860175521,1
"152",31,1,0.158339252292827,149,586,-0.572448496,-1.300118066,-1.300118066,1.732576379,0
"153",31,2,0.328494525588036,466,7,-0.572448496,-1.213548964,-1.213548964,1.880324157,0
"154",31,3,0.443087269869726,54,507,-0.810535068,-1.581034348,-1.581034348,1.414353547,0
"155",31,4,0.457484545844637,92,279,-1.109636079,-1.300118066,-1.300118066,1.600215287,0
"156",31,5,0.485033209477081,97,212,-1.109636079,-1.213548964,-1.213548964,1.531849046,1
"157",32,1,0.227951527840519,379,547,1.348487,-0.589133831,-0.589133831,1.689075155,0
"158",32,2,0.34833204023804,370,514,1.487729835,-0.589133831,-0.589133831,1.31687973,0
"159",32,3,0.468992578121153,556,738,1.487729835,-0.890212447,-0.890212447,1.291991927,0
"160",32,4,0.571001475467694,339,522,1.121961092,-0.890212447,-0.890212447,1.880324157,0
"161",32,5,0.596700653269101,334,505,0.956547268,-0.751539609,-0.751539609,1.710900771,1
"162",33,1,0.171513919956386,133,293,-1.109636079,1.49423964,1.49423964,-1.973771313,1
"163",33,2,0.171513919956386,132,247,-1.109636079,1.49423964,1.49423964,-1.973771313,1
"164",33,3,0.171513919956386,137,220,-1.109636079,1.49423964,1.49423964,-1.973771313,0
"165",33,4,0.171513919956386,124,477,-1.109636079,1.49423964,1.49423964,-1.973771313,0
"166",33,5,0.171513919956386,134,587,-1.109636079,1.49423964,1.49423964,-1.973771313,0
"167",34,1,0.156064382087961,161,242,-0.572448496,-0.751539609,-0.751539609,1.002640843,0
"168",34,2,0.171115285709456,154,296,-0.572448496,-0.751539609,-0.751539609,0.830725571,0
"169",34,3,0.171115285709456,153,605,-0.572448496,-0.751539609,-0.751539609,0.830725571,0
"170",34,4,0.173686478195535,160,596,-0.572448496,-0.589133831,-0.589133831,0.830725571,0
"171",34,5,0.227513937700552,475,136,-0.572448496,-0.751539609,-0.751539609,1.111388605,0
"172",35,1,0.239299423207669,527,130,-0.572448496,0.643738116,0.643738116,0.646449775,0
"173",35,2,0.325176491857258,505,442,-0.572448496,0.643738116,0.643738116,0.111065852,0
"174",35,3,0.364608104848816,502,393,-0.572448496,0.643738116,0.643738116,0.070270318,0
"175",35,4,0.387104998355225,286,318,-0.572448496,0.643738116,0.643738116,0.800933818,1
"176",35,5,0.405114925457008,246,261,-0.572448496,0.643738116,0.643738116,0.028650459,0
"177",36,1,0.117644592481709,477,123,0.471473252,-0.589133831,-0.589133831,-0.013839696,0
"178",36,2,0.124452879813531,166,553,0.471473252,-0.589133831,-0.589133831,-0.057250437,0
"179",36,3,0.349194891979967,183,31,0.776698353,-0.751539609,-0.751539609,-0.101636954,0
"180",36,4,0.374913539816915,203,269,0.471473252,-0.751539609,-0.751539609,0.340670342,0
"181",36,5,0.390394822609023,150,59,0.68028211,-0.890212447,-0.890212447,-0.101636954,0
"182",37,1,0.262806318051569,496,342,-1.109636079,0.643738116,0.643738116,0.190349155,0
"183",37,2,0.658983817342655,201,115,-1.109636079,0.172880205,0.172880205,0.266799003,0
"184",37,3,0.689690443544431,527,130,-0.572448496,0.643738116,0.643738116,0.646449775,0
"185",37,4,0.723980969933316,505,442,-0.572448496,0.643738116,0.643738116,0.111065852,0
"186",37,5,0.724339595066146,484,486,-1.109636079,0.643738116,0.643738116,-0.290258347,0
"187",38,1,0.12965410315836,536,627,0.776698353,1.49423964,1.49423964,-0.741697737,0
"188",38,2,0.12965410315836,291,18,0.776698353,1.49423964,1.49423964,-0.741697737,0
"189",38,3,0.12965410315836,293,122,0.776698353,1.49423964,1.49423964,-0.741697737,0
"190",38,4,0.12965410315836,533,368,0.776698353,1.49423964,1.49423964,-0.741697737,0
"191",38,5,0.12965410315836,534,697,0.776698353,1.49423964,1.49423964,-0.741697737,0
"192",39,1,0.178973255455329,429,86,-0.572448496,-0.589133831,-0.589133831,0.070270318,0
"193",39,2,0.202603688312041,99,308,-0.572448496,-0.393788889,-0.393788889,-0.101636954,1
"194",39,3,0.202672815817715,107,747,-0.572448496,-0.393788889,-0.393788889,-0.013839696,0
"195",39,4,0.26975639661719,90,653,-0.572448496,-0.393788889,-0.393788889,-0.241291892,0
"196",39,5,0.300530599687765,428,661,-0.371410514,-0.589133831,-0.589133831,-0.013839696,0
"197",40,1,0.150554890989817,468,637,-0.572448496,1.49423964,1.49423964,-1.639570526,0
"198",40,2,0.150554890989817,179,217,-0.572448496,1.49423964,1.49423964,-1.639570526,0
"199",40,3,0.150554890989817,175,252,-0.572448496,1.49423964,1.49423964,-1.639570526,0
"200",40,4,0.150554890989817,469,417,-0.572448496,1.49423964,1.49423964,-1.639570526,0
"201",40,5,0.150554890989817,168,239,-0.572448496,1.49423964,1.49423964,-1.639570526,0
"202",41,1,0.120252354097252,62,45,-1.109636079,0.643738116,0.643738116,-1.639570526,0
"203",41,2,0.120252354097252,64,369,-1.109636079,0.643738116,0.643738116,-1.639570526,1
"204",41,3,0.120252354097252,416,542,-1.109636079,0.643738116,0.643738116,-1.639570526,1
"205",41,4,0.120252354097252,66,66,-1.109636079,0.643738116,0.643738116,-1.639570526,0
"206",41,5,0.120252354097252,67,448,-1.109636079,0.643738116,0.643738116,-1.639570526,0
"207",42,1,0.109908273265749,259,20,0.956547268,-0.589133831,-0.589133831,0.266799003,1
"208",42,2,0.210324255266732,509,559,0.86862378,-0.393788889,-0.393788889,0.190349155,0
"209",42,3,0.219048265450303,238,575,0.776698353,-0.589133831,-0.589133831,0.228911412,0
"210",42,4,0.294548986670802,285,608,0.956547268,-0.393788889,-0.393788889,0.447115082,1
"211",42,5,0.327307368741916,500,557,0.956547268,-0.393788889,-0.393788889,-0.057250437,0
"212",43,1,0.234699784503647,553,715,0.956547268,-0.393788889,-0.393788889,1.341555111,0
"213",43,2,0.27766914107403,329,516,0.776698353,-0.393788889,-0.393788889,1.414353547,0
"214",43,3,0.3929955224018,298,704,0.776698353,-0.751539609,-0.751539609,1.390287505,0
"215",43,4,0.39330132340043,334,505,0.956547268,-0.751539609,-0.751539609,1.710900771,1
"216",43,5,0.399863451985533,295,428,0.776698353,-0.751539609,-0.751539609,1.366022838,0
"217",44,1,0.143014752213579,84,94,-1.109636079,-0.393788889,-0.393788889,-0.101636954,0
"218",44,2,0.296631669822508,102,662,-1.109636079,-0.149807866,-0.149807866,-0.101636954,0
"219",44,3,0.30960179618701,426,99,-1.109636079,-0.149807866,-0.149807866,-0.241291892,0
"220",44,4,0.360620099261266,101,172,-1.109636079,-0.393788889,-0.393788889,0.190349155,1
"221",44,5,0.371509626795586,414,489,-1.109636079,-0.589133831,-0.589133831,-0.101636954,1
"222",45,1,0.127619219029323,532,611,0.776698353,0.172880205,0.172880205,0.190349155,0
"223",45,2,0.165938641808426,274,723,0.776698353,0.172880205,0.172880205,-0.101636954,0
"224",45,3,0.165938641808426,523,125,0.776698353,0.172880205,0.172880205,-0.101636954,0
"225",45,4,0.203735746616038,538,95,0.776698353,0.172880205,0.172880205,0.266799003,0
"226",45,5,0.240772925424905,311,743,0.956547268,0.172880205,0.172880205,0.228911412,0
"227",46,1,0.171513919956386,133,293,-1.109636079,1.49423964,1.49423964,-1.973771313,1
"228",46,2,0.171513919956386,132,247,-1.109636079,1.49423964,1.49423964,-1.973771313,1
"229",46,3,0.171513919956386,137,220,-1.109636079,1.49423964,1.49423964,-1.973771313,0
"230",46,4,0.171513919956386,124,477,-1.109636079,1.49423964,1.49423964,-1.973771313,0
"231",46,5,0.171513919956386,134,587,-1.109636079,1.49423964,1.49423964,-1.973771313,0
"232",47,1,0.176419599380846,423,398,-0.572448496,-0.149807866,-0.149807866,-0.616712577,0
"233",47,2,0.281383316648262,427,319,-0.572448496,-0.149807866,-0.149807866,-0.500788071,0
"234",47,3,0.402481247826272,47,332,-0.572448496,-0.393788889,-0.393788889,-0.741697737,1
"235",47,4,0.428590146896461,53,132,-0.572448496,-0.393788889,-0.393788889,-0.616712577,1
"236",47,5,0.428590146896461,412,470,-0.572448496,-0.393788889,-0.393788889,-0.616712577,1
"237",48,1,0.0289838195859762,532,611,0.776698353,0.172880205,0.172880205,0.190349155,0
"238",48,2,0.0538155605748323,538,95,0.776698353,0.172880205,0.172880205,0.266799003,0
"239",48,3,0.175613247509899,311,743,0.956547268,0.172880205,0.172880205,0.228911412,0
"240",48,4,0.182537661382706,541,109,0.956547268,0.172880205,0.172880205,0.266799003,0
"241",48,5,0.266824252016618,313,354,0.776698353,0.172880205,0.172880205,0.481527201,0
"242",49,1,0.12965410315836,536,627,0.776698353,1.49423964,1.49423964,-0.741697737,0
"243",49,2,0.12965410315836,291,18,0.776698353,1.49423964,1.49423964,-0.741697737,0
"244",49,3,0.12965410315836,293,122,0.776698353,1.49423964,1.49423964,-0.741697737,0
"245",49,4,0.12965410315836,533,368,0.776698353,1.49423964,1.49423964,-0.741697737,0
"246",49,5,0.12965410315836,534,697,0.776698353,1.49423964,1.49423964,-0.741697737,0
"247",50,1,0.0866870194492147,225,44,0.776698353,-0.393788889,-0.393788889,-0.101636954,0
"248",50,2,0.0868484605207675,234,133,0.776698353,-0.393788889,-0.393788889,-0.013839696,0
"249",50,3,0.189804727472005,500,557,0.956547268,-0.393788889,-0.393788889,-0.057250437,0
"250",50,4,0.273305959739234,509,559,0.86862378,-0.393788889,-0.393788889,0.190349155,0
"251",50,5,0.27395577659901,501,46,0.776698353,-0.149807866,-0.149807866,-0.101636954,0
"252",51,1,0.149351494538704,34,446,-1.109636079,-1.379091478,-1.379091478,0.860175521,1
"253",51,2,0.254579447074177,31,298,-1.109636079,-1.300118066,-1.300118066,0.6781243,1
"254",51,3,0.293640071518894,15,40,-1.109636079,-1.451648015,-1.451648015,0.709397,1
"255",51,4,0.318743757882966,45,721,-1.109636079,-1.213548964,-1.213548964,0.646449775,1
"256",51,5,0.318743757882966,44,712,-1.109636079,-1.213548964,-1.213548964,0.646449775,0
"257",52,1,0.203618913211423,38,665,-0.572448496,-1.793432165,-1.793432165,1.291991927,1
"258",52,2,0.214176496403565,48,740,-0.572448496,-1.745027626,-1.745027626,1.291991927,1
"259",52,3,0.274514412460459,61,652,-0.572448496,-1.639209223,-1.639209223,1.341555111,1
"260",52,4,0.35011151810549,85,719,-0.195691896,-1.639209223,-1.639209223,1.31687973,0
"261",52,5,0.47747352097685,54,507,-0.810535068,-1.581034348,-1.581034348,1.414353547,0
"262",53,1,0.0500960210614062,224,647,0.776698353,-0.149807866,-0.149807866,-0.290258347,1
"263",53,2,0.128386760537327,213,702,0.68028211,-0.149807866,-0.149807866,-0.340579242,0
"264",53,3,0.184141578316143,501,46,0.776698353,-0.149807866,-0.149807866,-0.101636954,0
"265",53,4,0.184141578316143,248,153,0.776698353,-0.149807866,-0.149807866,-0.101636954,0
"266",53,5,0.269799792106085,256,260,0.776698353,-0.149807866,-0.149807866,-0.013839696,1
"267",54,1,0.126530852591588,442,383,-0.572448496,-0.589133831,-0.589133831,0.376708903,1
"268",54,2,0.153826355782555,437,147,-0.572448496,-0.589133831,-0.589133831,0.266799003,1
"269",54,3,0.153826355782555,435,729,-0.572448496,-0.589133831,-0.589133831,0.266799003,0
"270",54,4,0.176690444789446,144,399,-0.572448496,-0.589133831,-0.589133831,0.481527201,1
"271",54,5,0.217240314076815,152,367,-0.572448496,-0.393788889,-0.393788889,0.266799003,1
"272",55,1,0.20099646596069,368,292,1.348487,0.643738116,0.643738116,0.266799003,0
"273",55,2,0.233864890031362,565,674,1.348487,0.643738116,0.643738116,0.190349155,0
"274",55,3,0.341613704864401,347,210,1.487729835,0.643738116,0.643738116,-0.013839696,0
"275",55,4,0.42824006345329,344,78,1.487729835,0.643738116,0.643738116,-0.101636954,0
"276",55,5,0.42824006345329,345,538,1.487729835,0.643738116,0.643738116,-0.101636954,0
"277",56,1,0.139533094975017,222,36,0.471473252,-0.890212447,-0.890212447,0.709397,0
"278",56,2,0.173997390179397,211,707,0.471473252,-0.890212447,-0.890212447,0.646449775,0
"279",56,3,0.310107725473848,198,400,0.471473252,-0.890212447,-0.890212447,0.481527201,1
"280",56,4,0.33757743489645,258,32,0.776698353,-0.751539609,-0.751539609,0.6781243,0
"281",56,5,0.343972472440377,252,324,0.776698353,-0.890212447,-0.890212447,0.770789474,1
"282",57,1,0.16789468036578,197,519,-1.109636079,-0.589133831,-0.589133831,1.438225239,0
"283",57,2,0.172167545709432,165,434,-1.109636079,-0.751539609,-0.751539609,1.461906713,0
"284",57,3,0.429322623855694,122,556,-1.109636079,-0.751539609,-0.751539609,1.002640843,1
"285",57,4,0.48647157701947,481,218,-1.109636079,-0.393788889,-0.393788889,1.137913293,0
"286",57,5,0.493539909116019,114,29,-1.109636079,-1.01100296,-1.01100296,1.414353547,0
"287",58,1,0.19712555450535,397,226,-0.810535068,-0.393788889,-0.393788889,-0.877920581,1
"288",58,2,0.25315035641573,47,332,-0.572448496,-0.393788889,-0.393788889,-0.741697737,1
"289",58,3,0.369767627034946,53,132,-0.572448496,-0.393788889,-0.393788889,-0.616712577,1
"290",58,4,0.369767627034946,412,470,-0.572448496,-0.393788889,-0.393788889,-0.616712577,1
"291",58,5,0.369767627034946,408,366,-0.572448496,-0.393788889,-0.393788889,-0.616712577,1
"292",59,1,0.134802225094159,148,618,-1.109636079,-0.149807866,-0.149807866,0.266799003,0
"293",59,2,0.340354306449526,102,662,-1.109636079,-0.149807866,-0.149807866,-0.101636954,0
"294",59,3,0.356211016191361,186,195,-1.109636079,-0.149807866,-0.149807866,0.548870389,0
"295",59,4,0.410191776781634,103,284,-1.109636079,-0.393788889,-0.393788889,0.228911412,0
"296",59,5,0.410708200671933,101,172,-1.109636079,-0.393788889,-0.393788889,0.190349155,1
"297",60,1,0.255206338520144,34,446,-1.109636079,-1.379091478,-1.379091478,0.860175521,1
"298",60,2,0.280166560319159,421,737,-1.109636079,-1.300118066,-1.300118066,1.31687973,1
"299",60,3,0.314730890095364,29,606,-1.109636079,-1.581034348,-1.581034348,1.164186551,0
"300",60,4,0.3384767464731,26,330,-1.536100669,-1.451648015,-1.451648015,1.002640843,0
"301",60,5,0.396577423412675,88,274,-1.109636079,-1.117854791,-1.117854791,1.164186551,0
"302",61,1,0.150554890989817,468,637,-0.572448496,1.49423964,1.49423964,-1.639570526,0
"303",61,2,0.150554890989817,179,217,-0.572448496,1.49423964,1.49423964,-1.639570526,0
"304",61,3,0.150554890989817,175,252,-0.572448496,1.49423964,1.49423964,-1.639570526,0
"305",61,4,0.150554890989817,469,417,-0.572448496,1.49423964,1.49423964,-1.639570526,0
"306",61,5,0.150554890989817,168,239,-0.572448496,1.49423964,1.49423964,-1.639570526,0
"307",62,1,0.326069515725519,551,365,0.776698353,0.643738116,0.643738116,0.266799003,1
"308",62,2,0.326069515725519,335,343,0.776698353,0.643738116,0.643738116,0.266799003,0
"309",62,3,0.425476460613136,284,137,0.471473252,0.643738116,0.643738116,-0.101636954,0
"310",62,4,0.470727364188972,528,267,0.471473252,0.643738116,0.643738116,-0.147060021,0
"311",62,5,0.47964529766794,275,735,0.235528465,0.643738116,0.643738116,-0.101636954,0
"312",63,1,0.191882564850508,207,257,0.471473252,-1.451648015,-1.451648015,1.390287505,1
"313",63,2,0.230612876921991,200,669,0.578782997,-1.379091478,-1.379091478,1.030239339,0
"314",63,3,0.282313219416243,205,205,0.578782997,-1.300118066,-1.300118066,1.002640843,0
"315",63,4,0.351960385429715,219,465,0.776698353,-1.379091478,-1.379091478,0.974755346,0
"316",63,5,0.354087792885578,223,76,0.776698353,-1.581034348,-1.581034348,1.31687973,0
"317",64,1,0.146713671455302,421,737,-1.109636079,-1.300118066,-1.300118066,1.31687973,1
"318",64,2,0.199493260349312,97,212,-1.109636079,-1.213548964,-1.213548964,1.531849046,1
"319",64,3,0.259375993692026,92,279,-1.109636079,-1.300118066,-1.300118066,1.600215287,0
"320",64,4,0.307672385131644,88,274,-1.109636079,-1.117854791,-1.117854791,1.164186551,0
"321",64,5,0.361174082054773,114,29,-1.109636079,-1.01100296,-1.01100296,1.414353547,0
"322",65,1,0.326069515725519,551,365,0.776698353,0.643738116,0.643738116,0.266799003,1
"323",65,2,0.326069515725519,335,343,0.776698353,0.643738116,0.643738116,0.266799003,0
"324",65,3,0.425476460613136,284,137,0.471473252,0.643738116,0.643738116,-0.101636954,0
"325",65,4,0.470727364188972,528,267,0.471473252,0.643738116,0.643738116,-0.147060021,0
"326",65,5,0.47964529766794,275,735,0.235528465,0.643738116,0.643738116,-0.101636954,0
"327",66,1,0.208170543209795,309,37,1.121961092,0.643738116,0.643738116,-0.241291892,0
"328",66,2,0.312724602500965,281,390,0.776698353,0.643738116,0.643738116,-0.340579242,1
"329",66,3,0.376911712318665,554,2,1.348487,0.643738116,0.643738116,-0.101636954,0
"330",66,4,0.379819056906372,337,327,1.348487,0.643738116,0.643738116,-0.147060021,0
"331",66,5,0.402475595887101,325,558,1.348487,0.643738116,0.643738116,-0.241291892,0
"332",67,1,0.2709814425613,302,713,0.471473252,-0.149807866,-0.149807866,1.084605966,0
"333",67,2,0.282005916459129,300,599,0.471473252,-0.149807866,-0.149807866,1.030239339,0
"334",67,3,0.291348939977413,299,716,0.471473252,-0.149807866,-0.149807866,1.002640843,0
"335",67,4,0.403875563348833,547,577,0.471473252,-0.149807866,-0.149807866,1.414353547,0
"336",67,5,0.497083421933451,297,234,0.235528465,0.172880205,0.172880205,0.830725571,0
"337",68,1,0.147157190205789,279,194,1.348487,-1.379091478,-1.379091478,0.974755346,0
"338",68,2,0.187753580792371,282,325,1.487729835,-1.518714928,-1.518714928,0.974755346,0
"339",68,3,0.234608178491851,526,418,1.275527738,-1.451648015,-1.451648015,1.291991927,1
"340",68,4,0.444972349692673,524,22,1.487729835,-1.745027626,-1.745027626,1.111388605,0
"341",68,5,0.571899822787519,230,634,0.956547268,-1.300118066,-1.300118066,0.770789474,0
"342",69,1,0.320616737072225,159,113,0.235528465,-1.01100296,-1.01100296,0.614359355,0
"343",69,2,0.333308246173363,188,62,0.104209089,-0.890212447,-0.890212447,0.830725571,1
"344",69,3,0.399645536871101,443,351,0.235528465,-1.01100296,-1.01100296,0.376708903,0
"345",69,4,0.421747284968906,479,273,0.235528465,-1.01100296,-1.01100296,0.88929393,0
"346",69,5,0.431128486270104,187,717,0.104209089,-1.01100296,-1.01100296,1.002640843,0
"347",70,1,0.150554890989817,468,637,-0.572448496,1.49423964,1.49423964,-1.639570526,0
"348",70,2,0.150554890989817,179,217,-0.572448496,1.49423964,1.49423964,-1.639570526,0
"349",70,3,0.150554890989817,175,252,-0.572448496,1.49423964,1.49423964,-1.639570526,0
"350",70,4,0.150554890989817,469,417,-0.572448496,1.49423964,1.49423964,-1.639570526,0
"351",70,5,0.150554890989817,168,239,-0.572448496,1.49423964,1.49423964,-1.639570526,0
"352",71,1,0.0918749754422337,232,102,0.471473252,-0.393788889,-0.393788889,0.266799003,0
"353",71,2,0.146738353751094,239,394,0.471473252,-0.393788889,-0.393788889,0.340670342,1
"354",71,3,0.178548941182474,242,17,0.471473252,-0.393788889,-0.393788889,0.376708903,0
"355",71,4,0.204140603555581,492,91,0.357442558,-0.393788889,-0.393788889,0.376708903,0
"356",71,5,0.277019995698425,250,658,0.471473252,-0.393788889,-0.393788889,0.481527201,0
"357",72,1,0.202842357978104,224,647,0.776698353,-0.149807866,-0.149807866,-0.290258347,1
"358",72,2,0.269339064616874,501,46,0.776698353,-0.149807866,-0.149807866,-0.101636954,0
"359",72,3,0.269339064616874,248,153,0.776698353,-0.149807866,-0.149807866,-0.101636954,0
"360",72,4,0.270268458199985,273,349,0.956547268,-0.149807866,-0.149807866,-0.013839696,0
"361",72,5,0.270268458199985,518,363,0.956547268,-0.149807866,-0.149807866,-0.013839696,0
"362",73,1,0.165907651956893,575,541,2.384871657,1.49423964,1.49423964,0.412182818,0
"363",73,2,1.11503866432114,572,698,1.487729835,1.49423964,1.49423964,-0.241291892,0
"364",73,3,1.11503866432114,571,169,1.487729835,1.49423964,1.49423964,-0.241291892,0
"365",73,4,1.11503866432114,570,496,1.487729835,1.49423964,1.49423964,-0.241291892,0
"366",73,5,1.11503866432114,569,337,1.487729835,1.49423964,1.49423964,-0.241291892,0
"367",74,1,0.150554890989817,468,637,-0.572448496,1.49423964,1.49423964,-1.639570526,0
"368",74,2,0.150554890989817,179,217,-0.572448496,1.49423964,1.49423964,-1.639570526,0
"369",74,3,0.150554890989817,175,252,-0.572448496,1.49423964,1.49423964,-1.639570526,0
"370",74,4,0.150554890989817,469,417,-0.572448496,1.49423964,1.49423964,-1.639570526,0
"371",74,5,0.150554890989817,168,239,-0.572448496,1.49423964,1.49423964,-1.639570526,0
"372",75,1,0.119217352219563,378,475,1.487729835,-0.149807866,-0.149807866,0.860175521,0
"373",75,2,0.165028676857663,360,595,1.487729835,-0.149807866,-0.149807866,0.614359355,0
"374",75,3,0.207056880826288,361,333,1.348487,-0.149807866,-0.149807866,0.830725571,0
"375",75,4,0.419735741404634,369,281,1.682186116,-0.393788889,-0.393788889,0.740281188,1
"376",75,5,0.463193489503069,364,645,1.487729835,-0.393788889,-0.393788889,1.002640843,0
"377",76,1,0.279352460886526,280,201,0.471473252,-0.589133831,-0.589133831,1.341555111,0
"378",76,2,0.368084580605866,525,430,0.471473252,-0.751539609,-0.751539609,1.438225239,0
"379",76,3,0.415806898340655,512,411,0.471473252,-0.890212447,-0.890212447,1.366022838,0
"380",76,4,0.438066539590442,295,428,0.776698353,-0.751539609,-0.751539609,1.366022838,0
"381",76,5,0.445072110078698,276,572,0.776698353,-0.589133831,-0.589133831,0.800933818,0
"382",77,1,0.0462517773292655,274,723,0.776698353,0.172880205,0.172880205,-0.101636954,0
"383",77,2,0.0462517773292655,523,125,0.776698353,0.172880205,0.172880205,-0.101636954,0
"384",77,3,0.248702043840062,532,611,0.776698353,0.172880205,0.172880205,0.190349155,0
"385",77,4,0.25354165174079,522,639,0.956547268,0.172880205,0.172880205,-0.241291892,0
"386",77,5,0.283081041539531,503,504,0.776698353,0.172880205,0.172880205,-0.340579242,0
"387",78,1,0.384146636512257,95,386,-0.572448496,-1.213548964,-1.213548964,1.084605966,0
"388",78,2,0.427988835934332,149,586,-0.572448496,-1.300118066,-1.300118066,1.732576379,0
"389",78,3,0.473366707438933,114,29,-1.109636079,-1.01100296,-1.01100296,1.414353547,0
"390",78,4,0.473514953492195,434,53,-1.109636079,-1.01100296,-1.01100296,1.438225239,0
"391",78,5,0.491576709455343,466,7,-0.572448496,-1.213548964,-1.213548964,1.880324157,0
"392",79,1,0.162905933128804,273,349,0.956547268,-0.149807866,-0.149807866,-0.013839696,0
"393",79,2,0.162905933128804,518,363,0.956547268,-0.149807866,-0.149807866,-0.013839696,0
"394",79,3,0.214452418715625,263,185,0.776698353,-0.149807866,-0.149807866,0.070270318,0
"395",79,4,0.25479529476658,256,260,0.776698353,-0.149807866,-0.149807866,-0.013839696,1
"396",79,5,0.3106424965471,303,167,0.956547268,-0.149807866,-0.149807866,0.447115082,0
"397",80,1,0.19712555450535,397,226,-0.810535068,-0.393788889,-0.393788889,-0.877920581,1
"398",80,2,0.25315035641573,47,332,-0.572448496,-0.393788889,-0.393788889,-0.741697737,1
"399",80,3,0.369767627034946,53,132,-0.572448496,-0.393788889,-0.393788889,-0.616712577,1
"400",80,4,0.369767627034946,412,470,-0.572448496,-0.393788889,-0.393788889,-0.616712577,1
"401",80,5,0.369767627034946,408,366,-0.572448496,-0.393788889,-0.393788889,-0.616712577,1
"402",81,1,0.165907651956893,575,541,2.384871657,1.49423964,1.49423964,0.412182818,0
"403",81,2,1.11503866432114,572,698,1.487729835,1.49423964,1.49423964,-0.241291892,0
"404",81,3,1.11503866432114,571,169,1.487729835,1.49423964,1.49423964,-0.241291892,0
"405",81,4,1.11503866432114,570,496,1.487729835,1.49423964,1.49423964,-0.241291892,0
"406",81,5,1.11503866432114,569,337,1.487729835,1.49423964,1.49423964,-0.241291892,0
"407",82,1,0.0630810607942815,142,359,0.471473252,-1.117854791,-1.117854791,0.266799003,0
"408",82,2,0.136357816237655,163,533,0.471473252,-1.01100296,-1.01100296,0.376708903,0
"409",82,3,0.221815371988915,461,270,0.578782997,-1.213548964,-1.213548964,0.412182818,0
"410",82,4,0.260043932996306,443,351,0.235528465,-1.01100296,-1.01100296,0.376708903,0
"411",82,5,0.324210756989771,182,709,0.357442558,-0.890212447,-0.890212447,0.412182818,0
"412",83,1,0.121686560097796,120,705,-1.109636079,0.643738116,0.643738116,-0.951183901,1
"413",83,2,0.121686560097796,441,165,-1.109636079,0.643738116,0.643738116,-0.951183901,1
"414",83,3,0.121686560097796,121,651,-1.109636079,0.643738116,0.643738116,-0.951183901,0
"415",83,4,0.121686560097796,119,51,-1.109636079,0.643738116,0.643738116,-0.951183901,0
"416",83,5,0.121686560097796,113,687,-1.109636079,0.643738116,0.643738116,-0.951183901,0
"417",84,1,0.120252354097252,62,45,-1.109636079,0.643738116,0.643738116,-1.639570526,0
"418",84,2,0.120252354097252,64,369,-1.109636079,0.643738116,0.643738116,-1.639570526,1
"419",84,3,0.120252354097252,416,542,-1.109636079,0.643738116,0.643738116,-1.639570526,1
"420",84,4,0.120252354097252,66,66,-1.109636079,0.643738116,0.643738116,-1.639570526,0
"421",84,5,0.120252354097252,67,448,-1.109636079,0.643738116,0.643738116,-1.639570526,0
"422",85,1,0.149351494538704,34,446,-1.109636079,-1.379091478,-1.379091478,0.860175521,1
"423",85,2,0.254579447074177,31,298,-1.109636079,-1.300118066,-1.300118066,0.6781243,1
"424",85,3,0.293640071518894,15,40,-1.109636079,-1.451648015,-1.451648015,0.709397,1
"425",85,4,0.318743757882966,45,721,-1.109636079,-1.213548964,-1.213548964,0.646449775,1
"426",85,5,0.318743757882966,44,712,-1.109636079,-1.213548964,-1.213548964,0.646449775,0
"427",86,1,0.138452891183129,351,660,1.348487,1.49423964,1.49423964,-0.340579242,0
"428",86,2,0.138452891183129,562,60,1.348487,1.49423964,1.49423964,-0.340579242,0
"429",86,3,0.138452891183129,349,251,1.348487,1.49423964,1.49423964,-0.340579242,0
"430",86,4,0.138452891183129,358,302,1.348487,1.49423964,1.49423964,-0.340579242,0
"431",86,5,0.138452891183129,357,116,1.348487,1.49423964,1.49423964,-0.340579242,0
"432",87,1,0.129366265198485,269,551,0.471473252,1.49423964,1.49423964,-0.951183901,0
"433",87,2,0.129366265198485,513,625,0.471473252,1.49423964,1.49423964,-0.951183901,0
"434",87,3,0.129366265198485,268,152,0.471473252,1.49423964,1.49423964,-0.951183901,0
"435",87,4,0.129366265198485,514,592,0.471473252,1.49423964,1.49423964,-0.951183901,0
"436",87,5,0.129366265198485,515,552,0.471473252,1.49423964,1.49423964,-0.951183901,1
"437",88,1,0.181682061591205,309,37,1.121961092,0.643738116,0.643738116,-0.241291892,0
"438",88,2,0.280882826067463,281,390,0.776698353,0.643738116,0.643738116,-0.340579242,1
"439",88,3,0.376927326583424,337,327,1.348487,0.643738116,0.643738116,-0.147060021,0
"440",88,4,0.379205850519099,554,2,1.348487,0.643738116,0.643738116,-0.101636954,0
"441",88,5,0.389435491100191,325,558,1.348487,0.643738116,0.643738116,-0.241291892,0
"442",89,1,0.147157190205789,279,194,1.348487,-1.379091478,-1.379091478,0.974755346,0
"443",89,2,0.187753580792371,282,325,1.487729835,-1.518714928,-1.518714928,0.974755346,0
"444",89,3,0.234608178491851,526,418,1.275527738,-1.451648015,-1.451648015,1.291991927,1
"445",89,4,0.444972349692673,524,22,1.487729835,-1.745027626,-1.745027626,1.111388605,0
"446",89,5,0.571899822787519,230,634,0.956547268,-1.300118066,-1.300118066,0.770789474,0
"447",90,1,0.131295664474149,102,662,-1.109636079,-0.149807866,-0.149807866,-0.101636954,0
"448",90,2,0.158434453861028,426,99,-1.109636079,-0.149807866,-0.149807866,-0.241291892,0
"449",90,3,0.412073040225565,84,94,-1.109636079,-0.393788889,-0.393788889,-0.101636954,0
"450",90,4,0.42656916665655,460,503,-1.109636079,0.172880205,0.172880205,-0.193586817,0
"451",90,5,0.42859495394974,148,618,-1.109636079,-0.149807866,-0.149807866,0.266799003,0
"452",91,1,0.150554890989817,468,637,-0.572448496,1.49423964,1.49423964,-1.639570526,0
"453",91,2,0.150554890989817,179,217,-0.572448496,1.49423964,1.49423964,-1.639570526,0
"454",91,3,0.150554890989817,175,252,-0.572448496,1.49423964,1.49423964,-1.639570526,0
"455",91,4,0.150554890989817,469,417,-0.572448496,1.49423964,1.49423964,-1.639570526,0
"456",91,5,0.150554890989817,168,239,-0.572448496,1.49423964,1.49423964,-1.639570526,0
"457",92,1,0.0957903850366285,286,318,-0.572448496,0.643738116,0.643738116,0.800933818,1
"458",92,2,0.146812000103566,527,130,-0.572448496,0.643738116,0.643738116,0.646449775,0
"459",92,3,0.280727377548164,301,206,-0.572448496,0.643738116,0.643738116,1.030239339,0
"460",92,4,0.658631445513208,505,442,-0.572448496,0.643738116,0.643738116,0.111065852,0
"461",92,5,0.699080242746678,502,393,-0.572448496,0.643738116,0.643738116,0.070270318,0
"462",93,1,0.127619219029323,532,611,0.776698353,0.172880205,0.172880205,0.190349155,0
"463",93,2,0.165938641808426,274,723,0.776698353,0.172880205,0.172880205,-0.101636954,0
"464",93,3,0.165938641808426,523,125,0.776698353,0.172880205,0.172880205,-0.101636954,0
"465",93,4,0.203735746616038,538,95,0.776698353,0.172880205,0.172880205,0.266799003,0
"466",93,5,0.240772925424905,311,743,0.956547268,0.172880205,0.172880205,0.228911412,0
"467",94,1,0.0486452538991678,510,13,0.956547268,0.643738116,0.643738116,-0.616712577,0
"468",94,2,0.201862973111804,254,186,0.776698353,0.643738116,0.643738116,-0.616712577,0
"469",94,3,0.222362902325336,236,362,0.776698353,0.643738116,0.643738116,-0.741697737,0
"470",94,4,0.222362902325336,235,567,0.776698353,0.643738116,0.643738116,-0.741697737,0
"471",94,5,0.222362902325336,237,114,0.776698353,0.643738116,0.643738116,-0.741697737,0
"472",95,1,0.42717750529602,461,270,0.578782997,-1.213548964,-1.213548964,0.412182818,0
"473",95,2,0.437202485653296,498,629,0.776698353,-0.890212447,-0.890212447,0.646449775,0
"474",95,3,0.475331235892679,230,634,0.956547268,-1.300118066,-1.300118066,0.770789474,0
"475",95,4,0.491548714952401,253,253,0.956547268,-0.751539609,-0.751539609,0.376708903,0
"476",95,5,0.49182971337345,257,21,0.956547268,-0.751539609,-0.751539609,0.412182818,0
"477",96,1,0.148514458192409,163,533,0.471473252,-1.01100296,-1.01100296,0.376708903,0
"478",96,2,0.192641241346366,142,359,0.471473252,-1.117854791,-1.117854791,0.266799003,0
"479",96,3,0.207580249647452,461,270,0.578782997,-1.213548964,-1.213548964,0.412182818,0
"480",96,4,0.266619461651377,443,351,0.235528465,-1.01100296,-1.01100296,0.376708903,0
"481",96,5,0.29630466657095,198,400,0.471473252,-0.890212447,-0.890212447,0.481527201,1
"482",97,1,0.116123213970023,90,653,-0.572448496,-0.393788889,-0.393788889,-0.241291892,0
"483",97,2,0.208735257432646,99,308,-0.572448496,-0.393788889,-0.393788889,-0.101636954,1
"484",97,3,0.287148419203727,107,747,-0.572448496,-0.393788889,-0.393788889,-0.013839696,0
"485",97,4,0.333327970453202,146,432,-0.572448496,-0.149807866,-0.149807866,-0.101636954,1
"486",97,5,0.354933680476503,53,132,-0.572448496,-0.393788889,-0.393788889,-0.616712577,1
"487",98,1,0.222039453175587,205,205,0.578782997,-1.300118066,-1.300118066,1.002640843,0
"488",98,2,0.295060777539626,243,121,0.578782997,-1.01100296,-1.01100296,1.057558576,0
"489",98,3,0.296678442642071,456,600,0.235528465,-1.213548964,-1.213548964,0.740281188,1
"490",98,4,0.323750755432857,200,669,0.578782997,-1.379091478,-1.379091478,1.030239339,0
"491",98,5,0.327534392368726,479,273,0.235528465,-1.01100296,-1.01100296,0.88929393,0
"492",99,1,0.245801254759416,556,738,1.487729835,-0.890212447,-0.890212447,1.291991927,0
"493",99,2,0.379079888670686,370,514,1.487729835,-0.589133831,-0.589133831,1.31687973,0
"494",99,3,0.44282640772596,561,183,1.619113475,-0.589133831,-0.589133831,0.770789474,0
"495",99,4,0.509332203514751,537,462,1.040877736,-0.751539609,-0.751539609,1.002640843,1
"496",99,5,0.518007579964028,548,118,1.348487,-0.589133831,-0.589133831,0.709397,0
"497",100,1,0.0882806146283381,74,54,-0.572448496,0.643738116,0.643738116,-1.639570526,0
"498",100,2,0.0882806146283381,78,476,-0.572448496,0.643738116,0.643738116,-1.639570526,0
"499",100,3,0.0882806146283381,418,24,-0.572448496,0.643738116,0.643738116,-1.639570526,1
"500",100,4,0.0882806146283381,77,311,-0.572448496,0.643738116,0.643738116,-1.639570526,0
"501",100,5,0.0882806146283381,73,546,-0.572448496,0.643738116,0.643738116,-1.639570526,0
"502",101,1,0.171513919956386,133,293,-1.109636079,1.49423964,1.49423964,-1.973771313,1
"503",101,2,0.171513919956386,132,247,-1.109636079,1.49423964,1.49423964,-1.973771313,1
"504",101,3,0.171513919956386,137,220,-1.109636079,1.49423964,1.49423964,-1.973771313,0
"505",101,4,0.171513919956386,124,477,-1.109636079,1.49423964,1.49423964,-1.973771313,0
"506",101,5,0.171513919956386,134,587,-1.109636079,1.49423964,1.49423964,-1.973771313,0
"507",102,1,0.241921684746073,271,488,0.471473252,-0.393788889,-0.393788889,0.770789474,0
"508",102,2,0.314332591720789,251,458,0.235528465,-0.393788889,-0.393788889,0.800933818,1
"509",102,3,0.357767453548916,276,572,0.776698353,-0.589133831,-0.589133831,0.800933818,0
"510",102,4,0.400348440133446,289,679,0.776698353,-0.393788889,-0.393788889,0.770789474,0
"511",102,5,0.421755153209686,280,201,0.471473252,-0.589133831,-0.589133831,1.341555111,0
"512",103,1,0.0678790991836076,555,387,1.348487,0.172880205,0.172880205,0.266799003,0
"513",103,2,0.0678790991836076,343,42,1.348487,0.172880205,0.172880205,0.266799003,0
"514",103,3,0.101604735847373,346,180,1.487729835,0.172880205,0.172880205,0.190349155,0
"515",103,4,0.167470252256481,557,610,1.348487,0.172880205,0.172880205,0.376708903,0
"516",103,5,0.220319249532914,564,49,1.487729835,0.172880205,0.172880205,0.412182818,0
"517",104,1,0.476982949336069,492,91,0.357442558,-0.393788889,-0.393788889,0.376708903,0
"518",104,2,0.493240039222607,151,725,-0.572448496,-0.393788889,-0.393788889,0.228911412,0
"519",104,3,0.495747638838969,152,367,-0.572448496,-0.393788889,-0.393788889,0.266799003,1
"520",104,4,0.50749085324723,428,661,-0.371410514,-0.589133831,-0.589133831,-0.013839696,0
"521",104,5,0.543618872934257,107,747,-0.572448496,-0.393788889,-0.393788889,-0.013839696,0
"522",105,1,0.0950268850403466,247,216,0.471473252,0.643738116,0.643738116,-0.557726799,0
"523",105,2,0.104782315226709,227,43,0.471473252,0.643738116,0.643738116,-0.741697737,0
"524",105,3,0.306318901908814,270,584,0.471473252,0.643738116,0.643738116,-0.340579242,0
"525",105,4,0.306318901908814,272,26,0.471473252,0.643738116,0.643738116,-0.340579242,0
"526",105,5,0.309229232773082,480,404,0.471473252,0.643738116,0.643738116,-0.951183901,0
"527",106,1,0.25987996625208,55,718,-1.109636079,-0.149807866,-0.149807866,-0.741697737,1
"528",106,2,0.25987996625208,409,0,-1.109636079,-0.149807866,-0.149807866,-0.741697737,1
"529",106,3,0.25987996625208,410,124,-1.109636079,-0.149807866,-0.149807866,-0.741697737,0
"530",106,4,0.374406986992532,70,485,-1.109636079,-0.149807866,-0.149807866,-0.616712577,0
"531",106,5,0.374406986992532,69,328,-1.109636079,-0.149807866,-0.149807866,-0.616712577,0
"532",107,1,0.135653056400709,520,642,0.956547268,-1.451648015,-1.451648015,1.62266982,0
"533",107,2,0.217397299598717,504,209,0.956547268,-1.581034348,-1.581034348,1.485401957,0
"534",107,3,0.241206382689948,519,100,0.956547268,-1.518714928,-1.518714928,1.710900771,0
"535",107,4,0.299156444788026,223,76,0.776698353,-1.581034348,-1.581034348,1.31687973,0
"536",107,5,0.375449722097073,221,457,0.776698353,-1.693735881,-1.693735881,1.508714825,0
"537",108,1,0.310818566492534,45,721,-1.109636079,-1.213548964,-1.213548964,0.646449775,1
"538",108,2,0.310818566492534,44,712,-1.109636079,-1.213548964,-1.213548964,0.646449775,0
"539",108,3,0.336006577692791,58,607,-1.536100669,-1.01100296,-1.01100296,0.800933818,0
"540",108,4,0.362529586659055,415,170,-1.109636079,-0.890212447,-0.890212447,0.376708903,1
"541",108,5,0.365344520604911,402,641,-1.109636079,-1.213548964,-1.213548964,0.481527201,1
"542",109,1,0.150554890989817,468,637,-0.572448496,1.49423964,1.49423964,-1.639570526,0
"543",109,2,0.150554890989817,179,217,-0.572448496,1.49423964,1.49423964,-1.639570526,0
"544",109,3,0.150554890989817,175,252,-0.572448496,1.49423964,1.49423964,-1.639570526,0
"545",109,4,0.150554890989817,469,417,-0.572448496,1.49423964,1.49423964,-1.639570526,0
"546",109,5,0.150554890989817,168,239,-0.572448496,1.49423964,1.49423964,-1.639570526,0
"547",110,1,0.0414466288094197,511,320,0.956547268,0.172880205,0.172880205,-0.340579242,0
"548",110,2,0.136251112389676,522,639,0.956547268,0.172880205,0.172880205,-0.241291892,0
"549",110,3,0.200250149129253,503,504,0.776698353,0.172880205,0.172880205,-0.340579242,0
"550",110,4,0.2091739611366,229,616,0.776698353,0.172880205,0.172880205,-0.445717247,1
"551",110,5,0.337656678668286,274,723,0.776698353,0.172880205,0.172880205,-0.101636954,0
"552",111,1,0.111971071471409,226,678,0.104209089,0.643738116,0.643738116,-0.616712577,0
"553",111,2,0.249236057610457,215,11,-0.038570075,0.643738116,0.643738116,-0.616712577,0
"554",111,3,0.281194612641223,247,216,0.471473252,0.643738116,0.643738116,-0.557726799,0
"555",111,4,0.284639482296897,227,43,0.471473252,0.643738116,0.643738116,-0.741697737,0
"556",111,5,0.310274648579261,192,706,0.235528465,0.643738116,0.643738116,-0.951183901,0
"557",112,1,0.150554890989817,468,637,-0.572448496,1.49423964,1.49423964,-1.639570526,0
"558",112,2,0.150554890989817,179,217,-0.572448496,1.49423964,1.49423964,-1.639570526,0
"559",112,3,0.150554890989817,175,252,-0.572448496,1.49423964,1.49423964,-1.639570526,0
"560",112,4,0.150554890989817,469,417,-0.572448496,1.49423964,1.49423964,-1.639570526,0
"561",112,5,0.150554890989817,168,239,-0.572448496,1.49423964,1.49423964,-1.639570526,0
"562",113,1,0.227951527840519,379,547,1.348487,-0.589133831,-0.589133831,1.689075155,0
"563",113,2,0.34833204023804,370,514,1.487729835,-0.589133831,-0.589133831,1.31687973,0
"564",113,3,0.468992578121153,556,738,1.487729835,-0.890212447,-0.890212447,1.291991927,0
"565",113,4,0.571001475467694,339,522,1.121961092,-0.890212447,-0.890212447,1.880324157,0
"566",113,5,0.596700653269101,334,505,0.956547268,-0.751539609,-0.751539609,1.710900771,1
"567",114,1,0.1382075168934,57,146,-0.572448496,-0.751539609,-0.751539609,-0.147060021,0
"568",114,2,0.157181535396275,49,612,-0.572448496,-0.890212447,-0.890212447,-0.101636954,1
"569",114,3,0.234142800754076,422,329,-0.572448496,-0.751539609,-0.751539609,0.151079212,1
"570",114,4,0.255230913032435,33,92,-0.572448496,-0.751539609,-0.751539609,-0.290258347,1
"571",114,5,0.312339177887724,405,699,-0.572448496,-1.01100296,-1.01100296,-0.013839696,0
"572",115,1,0.0630810607942815,142,359,0.471473252,-1.117854791,-1.117854791,0.266799003,0
"573",115,2,0.136357816237655,163,533,0.471473252,-1.01100296,-1.01100296,0.376708903,0
"574",115,3,0.221815371988915,461,270,0.578782997,-1.213548964,-1.213548964,0.412182818,0
"575",115,4,0.260043932996306,443,351,0.235528465,-1.01100296,-1.01100296,0.376708903,0
"576",115,5,0.324210756989771,182,709,0.357442558,-0.890212447,-0.890212447,0.412182818,0
"577",116,1,0.172375427696534,366,739,1.487729835,0.172880205,0.172880205,0.481527201,0
"578",116,2,0.205420866865237,365,604,1.487729835,0.172880205,0.172880205,0.447115082,0
"579",116,3,0.239360058902344,564,49,1.487729835,0.172880205,0.172880205,0.412182818,0
"580",116,4,0.275080754221713,558,450,1.348487,0.172880205,0.172880205,0.447115082,0
"581",116,5,0.329533127032406,557,610,1.348487,0.172880205,0.172880205,0.376708903,0
"582",117,1,0.142068367679136,572,698,1.487729835,1.49423964,1.49423964,-0.241291892,0
"583",117,2,0.142068367679136,373,554,1.487729835,1.49423964,1.49423964,-0.241291892,0
"584",117,3,0.142068367679136,570,496,1.487729835,1.49423964,1.49423964,-0.241291892,0
"585",117,4,0.142068367679136,569,337,1.487729835,1.49423964,1.49423964,-0.241291892,0
"586",117,5,0.142068367679136,568,30,1.487729835,1.49423964,1.49423964,-0.241291892,0
"587",118,1,0.164846350366417,57,146,-0.572448496,-0.751539609,-0.751539609,-0.147060021,0
"588",118,2,0.191149332936072,429,86,-0.572448496,-0.589133831,-0.589133831,0.070270318,0
"589",118,3,0.250790455656213,422,329,-0.572448496,-0.751539609,-0.751539609,0.151079212,1
"590",118,4,0.270584220660885,33,92,-0.572448496,-0.751539609,-0.751539609,-0.290258347,1
"591",118,5,0.307937140764661,428,661,-0.371410514,-0.589133831,-0.589133831,-0.013839696,0
"592",119,1,0.147146032997365,403,250,-0.572448496,-1.379091478,-1.379091478,0.412182818,1
"593",119,2,0.149877437801675,23,734,-0.572448496,-1.451648015,-1.451648015,0.447115082,0
"594",119,3,0.168053031593442,395,407,-0.810535068,-1.451648015,-1.451648015,0.266799003,0
"595",119,4,0.469558026122835,20,372,-0.572448496,-1.213548964,-1.213548964,-0.013839696,0
"596",119,5,0.497777481229403,399,495,-0.810535068,-1.117854791,-1.117854791,0.190349155,1
"597",120,1,0.120761638592796,484,486,-1.109636079,0.643738116,0.643738116,-0.290258347,0
"598",120,2,0.358314656043143,164,19,-1.109636079,0.643738116,0.643738116,-0.616712577,0
"599",120,3,0.417058709775647,210,268,-0.810535068,0.643738116,0.643738116,-0.241291892,0
"600",120,4,0.477895390190715,462,375,-1.109636079,0.643738116,0.643738116,-0.741697737,0
"601",120,5,0.477895390190715,155,238,-1.109636079,0.643738116,0.643738116,-0.741697737,0
"602",121,1,0.241921684746073,271,488,0.471473252,-0.393788889,-0.393788889,0.770789474,0
"603",121,2,0.314332591720789,251,458,0.235528465,-0.393788889,-0.393788889,0.800933818,1
"604",121,3,0.357767453548916,276,572,0.776698353,-0.589133831,-0.589133831,0.800933818,0
"605",121,4,0.400348440133446,289,679,0.776698353,-0.393788889,-0.393788889,0.770789474,0
"606",121,5,0.421755153209686,280,201,0.471473252,-0.589133831,-0.589133831,1.341555111,0
"607",122,1,0.0955159143160281,49,612,-0.572448496,-0.890212447,-0.890212447,-0.101636954,1
"608",122,2,0.207419894295759,405,699,-0.572448496,-1.01100296,-1.01100296,-0.013839696,0
"609",122,3,0.207419894295759,39,134,-0.572448496,-1.01100296,-1.01100296,-0.013839696,1
"610",122,4,0.215175019314894,25,482,-0.572448496,-0.890212447,-0.890212447,-0.340579242,0
"611",122,5,0.240196038496734,57,146,-0.572448496,-0.751539609,-0.751539609,-0.147060021,0
"612",123,1,0.198649074439747,231,727,0.471473252,-0.149807866,-0.149807866,-0.013839696,0
"613",123,2,0.240883713055279,488,526,0.471473252,-0.149807866,-0.149807866,-0.057250437,0
"614",123,3,0.340547314261612,263,185,0.776698353,-0.149807866,-0.149807866,0.070270318,0
"615",123,4,0.375784814412016,256,260,0.776698353,-0.149807866,-0.149807866,-0.013839696,1
"616",123,5,0.379062239543325,283,326,0.776698353,-0.149807866,-0.149807866,0.376708903,0
"617",124,1,1.43628204403683,86,676,-3.178686746,-0.890212447,-0.890212447,1.030239339,0
"618",124,2,1.5684764735692,2,664,-3.178686746,-1.379091478,-1.379091478,-0.013839696,1
"619",124,3,1.89754055090422,5,358,-1.536100669,-1.963489814,-1.963489814,1.485401957,0
"620",124,4,2.01051598624588,26,330,-1.536100669,-1.451648015,-1.451648015,1.002640843,0
"621",124,5,2.0381219849539,419,106,-1.536100669,-1.451648015,-1.451648015,1.880324157,0
"622",125,1,0.314030474677173,58,607,-1.536100669,-1.01100296,-1.01100296,0.800933818,0
"623",125,2,0.330921723385828,45,721,-1.109636079,-1.213548964,-1.213548964,0.646449775,1
"624",125,3,0.330921723385828,44,712,-1.109636079,-1.213548964,-1.213548964,0.646449775,0
"625",125,4,0.401043943653276,94,656,-1.109636079,-0.751539609,-0.751539609,0.646449775,1
"626",125,5,0.408087176271134,404,258,-1.536100669,-1.117854791,-1.117854791,0.548870389,1
"627",126,1,0.251984877100525,92,279,-1.109636079,-1.300118066,-1.300118066,1.600215287,0
"628",126,2,0.285524889384859,421,737,-1.109636079,-1.300118066,-1.300118066,1.31687973,1
"629",126,3,0.340657974815139,97,212,-1.109636079,-1.213548964,-1.213548964,1.531849046,1
"630",126,4,0.400224754850455,29,606,-1.109636079,-1.581034348,-1.581034348,1.164186551,0
"631",126,5,0.415926287825941,109,35,-1.109636079,-1.213548964,-1.213548964,1.732576379,0
"632",127,1,0.129893126403493,459,681,-0.572448496,-0.589133831,-0.589133831,0.548870389,0
"633",127,2,0.156121810002593,158,609,-0.572448496,-0.589133831,-0.589133831,0.6781243,0
"634",127,3,0.161873883170369,144,399,-0.572448496,-0.589133831,-0.589133831,0.481527201,1
"635",127,4,0.207305766154363,193,693,-0.572448496,-0.393788889,-0.393788889,0.646449775,0
"636",127,5,0.242429845071359,442,383,-0.572448496,-0.589133831,-0.589133831,0.376708903,1
"637",128,1,0.043154632307623,195,555,0.471473252,0.643738116,0.643738116,-0.951183901,0
"638",128,2,0.043154632307623,480,404,0.471473252,0.643738116,0.643738116,-0.951183901,0
"639",128,3,0.043154632307623,196,452,0.471473252,0.643738116,0.643738116,-0.951183901,0
"640",128,4,0.225591922126417,192,706,0.235528465,0.643738116,0.643738116,-0.951183901,0
"641",128,5,0.231411498273752,227,43,0.471473252,0.643738116,0.643738116,-0.741697737,0
"642",129,1,0.198649074439747,231,727,0.471473252,-0.149807866,-0.149807866,-0.013839696,0
"643",129,2,0.240883713055279,488,526,0.471473252,-0.149807866,-0.149807866,-0.057250437,0
"644",129,3,0.340547314261612,263,185,0.776698353,-0.149807866,-0.149807866,0.070270318,0
"645",129,4,0.375784814412016,256,260,0.776698353,-0.149807866,-0.149807866,-0.013839696,1
"646",129,5,0.379062239543325,283,326,0.776698353,-0.149807866,-0.149807866,0.376708903,0
"647",130,1,0.0440099782322166,237,114,0.776698353,0.643738116,0.643738116,-0.741697737,0
"648",130,2,0.0440099782322166,236,362,0.776698353,0.643738116,0.643738116,-0.741697737,0
"649",130,3,0.0440099782322166,235,567,0.776698353,0.643738116,0.643738116,-0.741697737,0
"650",130,4,0.0440099782322166,495,10,0.776698353,0.643738116,0.643738116,-0.741697737,0
"651",130,5,0.0440099782322166,493,672,0.776698353,0.643738116,0.643738116,-0.741697737,1
"652",131,1,0.220714387223502,84,94,-1.109636079,-0.393788889,-0.393788889,-0.101636954,0
"653",131,2,0.340957429774487,102,662,-1.109636079,-0.149807866,-0.149807866,-0.101636954,0
"654",131,3,0.34448407004179,99,308,-0.572448496,-0.393788889,-0.393788889,-0.101636954,1
"655",131,4,0.352299437380984,426,99,-1.109636079,-0.149807866,-0.149807866,-0.241291892,0
"656",131,5,0.355713647718345,90,653,-0.572448496,-0.393788889,-0.393788889,-0.241291892,0
"657",132,1,0.129366265198485,269,551,0.471473252,1.49423964,1.49423964,-0.951183901,0
"658",132,2,0.129366265198485,513,625,0.471473252,1.49423964,1.49423964,-0.951183901,0
"659",132,3,0.129366265198485,268,152,0.471473252,1.49423964,1.49423964,-0.951183901,0
"660",132,4,0.129366265198485,514,592,0.471473252,1.49423964,1.49423964,-0.951183901,0
"661",132,5,0.129366265198485,515,552,0.471473252,1.49423964,1.49423964,-0.951183901,1
"662",133,1,0.0426276280389311,167,517,0.471473252,0.172880205,0.172880205,-0.741697737,0
"663",133,2,0.0895197836535801,199,70,0.471473252,0.172880205,0.172880205,-0.616712577,1
"664",133,3,0.225491702089701,463,230,0.235528465,0.172880205,0.172880205,-0.741697737,0
"665",133,4,0.226484162820105,478,422,0.68028211,0.172880205,0.172880205,-0.741697737,1
"666",133,5,0.4109205206607,229,616,0.776698353,0.172880205,0.172880205,-0.445717247,1
"667",134,1,0.150554890989817,468,637,-0.572448496,1.49423964,1.49423964,-1.639570526,0
"668",134,2,0.150554890989817,179,217,-0.572448496,1.49423964,1.49423964,-1.639570526,0
"669",134,3,0.150554890989817,175,252,-0.572448496,1.49423964,1.49423964,-1.639570526,0
"670",134,4,0.150554890989817,469,417,-0.572448496,1.49423964,1.49423964,-1.639570526,0
"671",134,5,0.150554890989817,168,239,-0.572448496,1.49423964,1.49423964,-1.639570526,0
"672",135,1,0.156064382087961,161,242,-0.572448496,-0.751539609,-0.751539609,1.002640843,0
"673",135,2,0.171115285709456,154,296,-0.572448496,-0.751539609,-0.751539609,0.830725571,0
"674",135,3,0.171115285709456,153,605,-0.572448496,-0.751539609,-0.751539609,0.830725571,0
"675",135,4,0.173686478195535,160,596,-0.572448496,-0.589133831,-0.589133831,0.830725571,0
"676",135,5,0.227513937700552,475,136,-0.572448496,-0.751539609,-0.751539609,1.111388605,0
"677",136,1,0.0882806146283381,74,54,-0.572448496,0.643738116,0.643738116,-1.639570526,0
"678",136,2,0.0882806146283381,78,476,-0.572448496,0.643738116,0.643738116,-1.639570526,0
"679",136,3,0.0882806146283381,418,24,-0.572448496,0.643738116,0.643738116,-1.639570526,1
"680",136,4,0.0882806146283381,77,311,-0.572448496,0.643738116,0.643738116,-1.639570526,0
"681",136,5,0.0882806146283381,73,546,-0.572448496,0.643738116,0.643738116,-1.639570526,0
"682",137,1,0.129366265198485,269,551,0.471473252,1.49423964,1.49423964,-0.951183901,0
"683",137,2,0.129366265198485,513,625,0.471473252,1.49423964,1.49423964,-0.951183901,0
"684",137,3,0.129366265198485,268,152,0.471473252,1.49423964,1.49423964,-0.951183901,0
"685",137,4,0.129366265198485,514,592,0.471473252,1.49423964,1.49423964,-0.951183901,0
"686",137,5,0.129366265198485,515,552,0.471473252,1.49423964,1.49423964,-0.951183901,1
"687",138,1,0.0864157401615786,341,381,0.471473252,0.172880205,0.172880205,1.461906713,0
"688",138,2,0.3547901806614,566,204,0.776698353,0.172880205,0.172880205,1.531849046,0
"689",138,3,0.402621634772558,367,112,0.776698353,0.172880205,0.172880205,1.62266982,0
"690",138,4,0.472033036324481,547,577,0.471473252,-0.149807866,-0.149807866,1.414353547,0
"691",138,5,0.554480902345194,302,713,0.471473252,-0.149807866,-0.149807866,1.084605966,0
"692",139,1,0.172092025586236,394,104,-1.109636079,-1.213548964,-1.213548964,-0.013839696,0
"693",139,2,0.24033485484198,393,374,-1.109636079,-1.213548964,-1.213548964,-0.101636954,0
"694",139,3,0.250145278136007,11,460,-1.109636079,-1.117854791,-1.117854791,-0.013839696,1
"695",139,4,0.358998082935879,8,164,-1.536100669,-1.300118066,-1.300118066,0.266799003,0
"696",139,5,0.366462637190877,390,732,-1.109636079,-1.213548964,-1.213548964,-0.241291892,0
"697",140,1,0.16760800197516,109,35,-1.109636079,-1.213548964,-1.213548964,1.732576379,0
"698",140,2,0.319797338471095,92,279,-1.109636079,-1.300118066,-1.300118066,1.600215287,0
"699",140,3,0.336643852218655,97,212,-1.109636079,-1.213548964,-1.213548964,1.531849046,1
"700",140,4,0.484293484732487,434,53,-1.109636079,-1.01100296,-1.01100296,1.438225239,0
"701",140,5,0.497398519211504,419,106,-1.536100669,-1.451648015,-1.451648015,1.880324157,0
"702",141,1,0.365629283831231,5,358,-1.536100669,-1.963489814,-1.963489814,1.485401957,0
"703",141,2,0.648432946084433,387,39,-1.109636079,-2.487053191,-2.487053191,1.689075155,1
"704",141,3,0.676942548805114,391,348,-1.109636079,-1.839244713,-1.839244713,0.830725571,1
"705",141,4,0.758923886738947,29,606,-1.109636079,-1.581034348,-1.581034348,1.164186551,0
"706",141,5,0.778526498718,38,665,-0.572448496,-1.793432165,-1.793432165,1.291991927,1
"707",142,1,0.150554890989817,468,637,-0.572448496,1.49423964,1.49423964,-1.639570526,0
"708",142,2,0.150554890989817,179,217,-0.572448496,1.49423964,1.49423964,-1.639570526,0
"709",142,3,0.150554890989817,175,252,-0.572448496,1.49423964,1.49423964,-1.639570526,0
"710",142,4,0.150554890989817,469,417,-0.572448496,1.49423964,1.49423964,-1.639570526,0
"711",142,5,0.150554890989817,168,239,-0.572448496,1.49423964,1.49423964,-1.639570526,0
"712",143,1,0.121686560097796,120,705,-1.109636079,0.643738116,0.643738116,-0.951183901,1
"713",143,2,0.121686560097796,441,165,-1.109636079,0.643738116,0.643738116,-0.951183901,1
"714",143,3,0.121686560097796,121,651,-1.109636079,0.643738116,0.643738116,-0.951183901,0
"715",143,4,0.121686560097796,119,51,-1.109636079,0.643738116,0.643738116,-0.951183901,0
"716",143,5,0.121686560097796,113,687,-1.109636079,0.643738116,0.643738116,-0.951183901,0
"717",144,1,0.16789468036578,197,519,-1.109636079,-0.589133831,-0.589133831,1.438225239,0
"718",144,2,0.172167545709432,165,434,-1.109636079,-0.751539609,-0.751539609,1.461906713,0
"719",144,3,0.429322623855694,122,556,-1.109636079,-0.751539609,-0.751539609,1.002640843,1
"720",144,4,0.48647157701947,481,218,-1.109636079,-0.393788889,-0.393788889,1.137913293,0
"721",144,5,0.493539909116019,114,29,-1.109636079,-1.01100296,-1.01100296,1.414353547,0
"722",145,1,0.150554890989817,468,637,-0.572448496,1.49423964,1.49423964,-1.639570526,0
"723",145,2,0.150554890989817,179,217,-0.572448496,1.49423964,1.49423964,-1.639570526,0
"724",145,3,0.150554890989817,175,252,-0.572448496,1.49423964,1.49423964,-1.639570526,0
"725",145,4,0.150554890989817,469,417,-0.572448496,1.49423964,1.49423964,-1.639570526,0
"726",145,5,0.150554890989817,168,239,-0.572448496,1.49423964,1.49423964,-1.639570526,0
"727",146,1,0.142068367679136,572,698,1.487729835,1.49423964,1.49423964,-0.241291892,0
"728",146,2,0.142068367679136,373,554,1.487729835,1.49423964,1.49423964,-0.241291892,0
"729",146,3,0.142068367679136,570,496,1.487729835,1.49423964,1.49423964,-0.241291892,0
"730",146,4,0.142068367679136,569,337,1.487729835,1.49423964,1.49423964,-0.241291892,0
"731",146,5,0.142068367679136,568,30,1.487729835,1.49423964,1.49423964,-0.241291892,0
"732",147,1,0.0580420479139387,346,180,1.487729835,0.172880205,0.172880205,0.190349155,0
"733",147,2,0.197222262657531,555,387,1.348487,0.172880205,0.172880205,0.266799003,0
"734",147,3,0.197222262657531,343,42,1.348487,0.172880205,0.172880205,0.266799003,0
"735",147,4,0.203926282499769,564,49,1.487729835,0.172880205,0.172880205,0.412182818,0
"736",147,5,0.234905703813537,330,265,1.487729835,0.172880205,0.172880205,-0.013839696,0
"737",148,1,0.140788357420326,151,725,-0.572448496,-0.393788889,-0.393788889,0.228911412,0
"738",148,2,0.167144194832837,152,367,-0.572448496,-0.393788889,-0.393788889,0.266799003,1
"739",148,3,0.189598307487089,107,747,-0.572448496,-0.393788889,-0.393788889,-0.013839696,0
"740",148,4,0.266084953995193,99,308,-0.572448496,-0.393788889,-0.393788889,-0.101636954,1
"741",148,5,0.293411864077634,457,310,-0.810535068,-0.393788889,-0.393788889,0.376708903,0
"742",149,1,0.229026828859474,380,305,1.348487,0.172880205,0.172880205,1.164186551,0
"743",149,2,0.338629304300377,382,287,1.348487,0.172880205,0.172880205,1.31687973,0
"744",149,3,0.505011193518668,378,475,1.487729835,-0.149807866,-0.149807866,0.860175521,0
"745",149,4,0.547520422657148,361,333,1.348487,-0.149807866,-0.149807866,0.830725571,0
"746",149,5,0.557750610686336,366,739,1.487729835,0.172880205,0.172880205,0.481527201,0
"747",150,1,0.171513919956386,133,293,-1.109636079,1.49423964,1.49423964,-1.973771313,1
"748",150,2,0.171513919956386,132,247,-1.109636079,1.49423964,1.49423964,-1.973771313,1
"749",150,3,0.171513919956386,137,220,-1.109636079,1.49423964,1.49423964,-1.973771313,0
"750",150,4,0.171513919956386,124,477,-1.109636079,1.49423964,1.49423964,-1.973771313,0
"751",150,5,0.171513919956386,134,587,-1.109636079,1.49423964,1.49423964,-1.973771313,0
"752",151,1,0.166669592528156,368,292,1.348487,0.643738116,0.643738116,0.266799003,0
"753",151,2,0.240132958207185,565,674,1.348487,0.643738116,0.643738116,0.190349155,0
"754",151,3,0.410437502690927,574,360,1.348487,0.643738116,0.643738116,0.830725571,0
"755",151,4,0.450065324969006,347,210,1.487729835,0.643738116,0.643738116,-0.013839696,0
"756",151,5,0.528566545839892,554,2,1.348487,0.643738116,0.643738116,-0.101636954,0
"757",152,1,0.334676654645206,30,340,-1.109636079,-0.890212447,-0.890212447,-0.013839696,1
"758",152,2,0.402867444364756,50,502,-1.109636079,-0.751539609,-0.751539609,-0.013839696,1
"759",152,3,0.442972999124575,11,460,-1.109636079,-1.117854791,-1.117854791,-0.013839696,1
"760",152,4,0.450410676281534,390,732,-1.109636079,-1.213548964,-1.213548964,-0.241291892,0
"761",152,5,0.471570540545165,46,654,-1.109636079,-0.589133831,-0.589133831,-0.290258347,0
"762",153,1,0.275059089762018,163,533,0.471473252,-1.01100296,-1.01100296,0.376708903,0
"763",153,2,0.290821242114595,182,709,0.357442558,-0.890212447,-0.890212447,0.412182818,0
"764",153,3,0.302274044617785,203,269,0.471473252,-0.751539609,-0.751539609,0.340670342,0
"765",153,4,0.318139739842206,142,359,0.471473252,-1.117854791,-1.117854791,0.266799003,0
"766",153,5,0.325290094644366,157,314,0.235528465,-0.890212447,-0.890212447,0.376708903,1
"767",154,1,0.157239959260964,259,20,0.956547268,-0.589133831,-0.589133831,0.266799003,1
"768",154,2,0.190105572799935,285,608,0.956547268,-0.393788889,-0.393788889,0.447115082,1
"769",154,3,0.271881422714562,238,575,0.776698353,-0.589133831,-0.589133831,0.228911412,0
"770",154,4,0.289314970611488,509,559,0.86862378,-0.393788889,-0.393788889,0.190349155,0
"771",154,5,0.325944745650739,253,253,0.956547268,-0.751539609,-0.751539609,0.376708903,0
"772",155,1,0.139211221832032,511,320,0.956547268,0.172880205,0.172880205,-0.340579242,0
"773",155,2,0.199768576206303,229,616,0.776698353,0.172880205,0.172880205,-0.445717247,1
"774",155,3,0.237776438776852,522,639,0.956547268,0.172880205,0.172880205,-0.241291892,0
"775",155,4,0.240337395073238,503,504,0.776698353,0.172880205,0.172880205,-0.340579242,0
"776",155,5,0.394436611663446,478,422,0.68028211,0.172880205,0.172880205,-0.741697737,1
"777",156,1,0.327592578980777,194,219,-0.038570075,-1.300118066,-1.300118066,1.689075155,0
"778",156,2,0.417022312412553,207,257,0.471473252,-1.451648015,-1.451648015,1.390287505,1
"779",156,3,0.43818453883954,482,561,-0.038570075,-1.213548964,-1.213548964,1.754104697,0
"780",156,4,0.456939046447485,184,615,0.104209089,-1.117854791,-1.117854791,1.137913293,0
"781",156,5,0.457592165518587,85,719,-0.195691896,-1.639209223,-1.639209223,1.31687973,0
"782",157,1,0.13129992006362,319,347,0.956547268,1.49423964,1.49423964,-0.616712577,0
"783",157,2,0.13129992006362,542,197,0.956547268,1.49423964,1.49423964,-0.616712577,0
"784",157,3,0.13129992006362,546,178,0.956547268,1.49423964,1.49423964,-0.616712577,0
"785",157,4,0.13129992006362,322,614,0.956547268,1.49423964,1.49423964,-0.616712577,0
"786",157,5,0.13129992006362,543,416,0.956547268,1.49423964,1.49423964,-0.616712577,0
"787",158,1,0.171513919956386,133,293,-1.109636079,1.49423964,1.49423964,-1.973771313,1
"788",158,2,0.171513919956386,132,247,-1.109636079,1.49423964,1.49423964,-1.973771313,1
"789",158,3,0.171513919956386,137,220,-1.109636079,1.49423964,1.49423964,-1.973771313,0
"790",158,4,0.171513919956386,124,477,-1.109636079,1.49423964,1.49423964,-1.973771313,0
"791",158,5,0.171513919956386,134,587,-1.109636079,1.49423964,1.49423964,-1.973771313,0
"792",159,1,0.203618913211423,38,665,-0.572448496,-1.793432165,-1.793432165,1.291991927,1
"793",159,2,0.214176496403565,48,740,-0.572448496,-1.745027626,-1.745027626,1.291991927,1
"794",159,3,0.274514412460459,61,652,-0.572448496,-1.639209223,-1.639209223,1.341555111,1
"795",159,4,0.35011151810549,85,719,-0.195691896,-1.639209223,-1.639209223,1.31687973,0
"796",159,5,0.47747352097685,54,507,-0.810535068,-1.581034348,-1.581034348,1.414353547,0
"797",160,1,0.129366265198485,269,551,0.471473252,1.49423964,1.49423964,-0.951183901,0
"798",160,2,0.129366265198485,513,625,0.471473252,1.49423964,1.49423964,-0.951183901,0
"799",160,3,0.129366265198485,268,152,0.471473252,1.49423964,1.49423964,-0.951183901,0
"800",160,4,0.129366265198485,514,592,0.471473252,1.49423964,1.49423964,-0.951183901,0
"801",160,5,0.129366265198485,515,552,0.471473252,1.49423964,1.49423964,-0.951183901,1
"802",161,1,0.191882564850508,207,257,0.471473252,-1.451648015,-1.451648015,1.390287505,1
"803",161,2,0.230612876921991,200,669,0.578782997,-1.379091478,-1.379091478,1.030239339,0
"804",161,3,0.282313219416243,205,205,0.578782997,-1.300118066,-1.300118066,1.002640843,0
"805",161,4,0.351960385429715,219,465,0.776698353,-1.379091478,-1.379091478,0.974755346,0
"806",161,5,0.354087792885578,223,76,0.776698353,-1.581034348,-1.581034348,1.31687973,0
"807",162,1,0.12965410315836,536,627,0.776698353,1.49423964,1.49423964,-0.741697737,0
"808",162,2,0.12965410315836,291,18,0.776698353,1.49423964,1.49423964,-0.741697737,0
"809",162,3,0.12965410315836,293,122,0.776698353,1.49423964,1.49423964,-0.741697737,0
"810",162,4,0.12965410315836,533,368,0.776698353,1.49423964,1.49423964,-0.741697737,0
"811",162,5,0.12965410315836,534,697,0.776698353,1.49423964,1.49423964,-0.741697737,0
"812",163,1,0.194267007804613,51,479,-0.810535068,-0.589133831,-0.589133831,-0.340579242,0
"813",163,2,0.201421441285858,90,653,-0.572448496,-0.393788889,-0.393788889,-0.241291892,0
"814",163,3,0.265812723326814,99,308,-0.572448496,-0.393788889,-0.393788889,-0.101636954,1
"815",163,4,0.330968594942396,107,747,-0.572448496,-0.393788889,-0.393788889,-0.013839696,0
"816",163,5,0.335209824300548,33,92,-0.572448496,-0.751539609,-0.751539609,-0.290258347,1
"817",164,1,0.695379813647154,79,474,0.578782997,-1.213548964,-1.213548964,-0.241291892,0
"818",164,2,0.721135553524421,150,59,0.68028211,-0.890212447,-0.890212447,-0.101636954,0
"819",164,3,0.759256652391314,112,3,0.235528465,-0.393788889,-0.393788889,-0.445717247,0
"820",164,4,0.787847172992554,464,497,0.776698353,-0.890212447,-0.890212447,-0.101636954,0
"821",164,5,0.789239515816479,166,553,0.471473252,-0.589133831,-0.589133831,-0.057250437,0
"822",165,1,0.510201179950027,201,115,-1.109636079,0.172880205,0.172880205,0.266799003,0
"823",165,2,0.529717028468609,186,195,-1.109636079,-0.149807866,-0.149807866,0.548870389,0
"824",165,3,0.684289596226181,516,675,-1.109636079,0.172880205,0.172880205,1.438225239,1
"825",165,4,0.693822365830903,148,618,-1.109636079,-0.149807866,-0.149807866,0.266799003,0
"826",165,5,0.730832789378638,517,700,-1.109636079,0.172880205,0.172880205,1.485401957,0
"827",166,1,0.0629250140510798,340,435,0.956547268,0.172880205,0.172880205,0.646449775,0
"828",166,2,0.233574371047163,338,481,0.776698353,0.172880205,0.172880205,0.830725571,0
"829",166,3,0.259254881923562,331,543,0.956547268,0.172880205,0.172880205,0.447115082,0
"830",166,4,0.298329166611733,313,354,0.776698353,0.172880205,0.172880205,0.481527201,0
"831",166,5,0.439190983558526,541,109,0.956547268,0.172880205,0.172880205,0.266799003,0
"832",167,1,0.121686560097796,120,705,-1.109636079,0.643738116,0.643738116,-0.951183901,1
"833",167,2,0.121686560097796,441,165,-1.109636079,0.643738116,0.643738116,-0.951183901,1
"834",167,3,0.121686560097796,121,651,-1.109636079,0.643738116,0.643738116,-0.951183901,0
"835",167,4,0.121686560097796,119,51,-1.109636079,0.643738116,0.643738116,-0.951183901,0
"836",167,5,0.121686560097796,113,687,-1.109636079,0.643738116,0.643738116,-0.951183901,0
"837",168,1,0.158339252292827,149,586,-0.572448496,-1.300118066,-1.300118066,1.732576379,0
"838",168,2,0.328494525588036,466,7,-0.572448496,-1.213548964,-1.213548964,1.880324157,0
"839",168,3,0.443087269869726,54,507,-0.810535068,-1.581034348,-1.581034348,1.414353547,0
"840",168,4,0.457484545844637,92,279,-1.109636079,-1.300118066,-1.300118066,1.600215287,0
"841",168,5,0.485033209477081,97,212,-1.109636079,-1.213548964,-1.213548964,1.531849046,1
"842",169,1,0.150554890989817,468,637,-0.572448496,1.49423964,1.49423964,-1.639570526,0
"843",169,2,0.150554890989817,179,217,-0.572448496,1.49423964,1.49423964,-1.639570526,0
"844",169,3,0.150554890989817,175,252,-0.572448496,1.49423964,1.49423964,-1.639570526,0
"845",169,4,0.150554890989817,469,417,-0.572448496,1.49423964,1.49423964,-1.639570526,0
"846",169,5,0.150554890989817,168,239,-0.572448496,1.49423964,1.49423964,-1.639570526,0
"847",170,1,0.225834610508166,102,662,-1.109636079,-0.149807866,-0.149807866,-0.101636954,0
"848",170,2,0.307030079798099,426,99,-1.109636079,-0.149807866,-0.149807866,-0.241291892,0
"849",170,3,0.347786867331827,146,432,-0.572448496,-0.149807866,-0.149807866,-0.101636954,1
"850",170,4,0.352215655689773,148,618,-1.109636079,-0.149807866,-0.149807866,0.266799003,0
"851",170,5,0.417102091066616,476,603,-0.572448496,-0.149807866,-0.149807866,0.228911412,1
"852",171,1,0.142068367679136,572,698,1.487729835,1.49423964,1.49423964,-0.241291892,0
"853",171,2,0.142068367679136,373,554,1.487729835,1.49423964,1.49423964,-0.241291892,0
"854",171,3,0.142068367679136,570,496,1.487729835,1.49423964,1.49423964,-0.241291892,0
"855",171,4,0.142068367679136,569,337,1.487729835,1.49423964,1.49423964,-0.241291892,0
"856",171,5,0.142068367679136,568,30,1.487729835,1.49423964,1.49423964,-0.241291892,0
"857",172,1,0.203811772422346,575,541,2.384871657,1.49423964,1.49423964,0.412182818,0
"858",172,2,1.23619726498019,572,698,1.487729835,1.49423964,1.49423964,-0.241291892,0
"859",172,3,1.23619726498019,571,169,1.487729835,1.49423964,1.49423964,-0.241291892,0
"860",172,4,1.23619726498019,570,496,1.487729835,1.49423964,1.49423964,-0.241291892,0
"861",172,5,1.23619726498019,569,337,1.487729835,1.49423964,1.49423964,-0.241291892,0
"862",173,1,0.150554890989817,468,637,-0.572448496,1.49423964,1.49423964,-1.639570526,0
"863",173,2,0.150554890989817,179,217,-0.572448496,1.49423964,1.49423964,-1.639570526,0
"864",173,3,0.150554890989817,175,252,-0.572448496,1.49423964,1.49423964,-1.639570526,0
"865",173,4,0.150554890989817,469,417,-0.572448496,1.49423964,1.49423964,-1.639570526,0
"866",173,5,0.150554890989817,168,239,-0.572448496,1.49423964,1.49423964,-1.639570526,0
"867",174,1,0.402313583555146,387,39,-1.109636079,-2.487053191,-2.487053191,1.689075155,1
"868",174,2,0.409764311077709,389,149,-1.109636079,-2.50707476,-2.50707476,1.941643219,0
"869",174,3,0.558092700327633,1,619,-1.109636079,-2.617569159,-2.617569159,1.941643219,1
"870",174,4,0.61349643394469,5,358,-1.536100669,-1.963489814,-1.963489814,1.485401957,0
"871",174,5,0.659398991250346,398,157,-0.572448496,-2.253185903,-2.253185903,1.941643219,1
"872",175,1,0.0957903850366285,286,318,-0.572448496,0.643738116,0.643738116,0.800933818,1
"873",175,2,0.146812000103566,527,130,-0.572448496,0.643738116,0.643738116,0.646449775,0
"874",175,3,0.280727377548164,301,206,-0.572448496,0.643738116,0.643738116,1.030239339,0
"875",175,4,0.658631445513208,505,442,-0.572448496,0.643738116,0.643738116,0.111065852,0
"876",175,5,0.699080242746678,502,393,-0.572448496,0.643738116,0.643738116,0.070270318,0
"877",176,1,0.0701756665259667,557,610,1.348487,0.172880205,0.172880205,0.376708903,0
"878",176,2,0.0706456273246285,343,42,1.348487,0.172880205,0.172880205,0.266799003,0
"879",176,3,0.0706456273246285,555,387,1.348487,0.172880205,0.172880205,0.266799003,0
"880",176,4,0.132580527804161,558,450,1.348487,0.172880205,0.172880205,0.447115082,0
"881",176,5,0.133538759244432,564,49,1.487729835,0.172880205,0.172880205,0.412182818,0
"882",177,1,0.208722260367527,420,255,-1.109636079,0.172880205,0.172880205,-0.951183901,0
"883",177,2,0.400359945845671,425,531,-1.109636079,0.172880205,0.172880205,-0.741697737,0
"884",177,3,0.400359945845671,87,271,-1.109636079,0.172880205,0.172880205,-0.741697737,0
"885",177,4,0.521279412856786,98,667,-1.109636079,0.172880205,0.172880205,-0.616712577,1
"886",177,5,0.527340565709911,19,463,-1.109636079,0.172880205,0.172880205,-1.639570526,1
"887",178,1,0.135254083249537,109,35,-1.109636079,-1.213548964,-1.213548964,1.732576379,0
"888",178,2,0.276910526710213,92,279,-1.109636079,-1.300118066,-1.300118066,1.600215287,0
"889",178,3,0.28210166036843,97,212,-1.109636079,-1.213548964,-1.213548964,1.531849046,1
"890",178,4,0.435456198833205,434,53,-1.109636079,-1.01100296,-1.01100296,1.438225239,0
"891",178,5,0.454689205660011,114,29,-1.109636079,-1.01100296,-1.01100296,1.414353547,0
"892",179,1,0.234584534911038,332,52,0.235528465,0.643738116,0.643738116,0.830725571,0
"893",179,2,0.234584534911038,333,266,0.235528465,0.643738116,0.643738116,0.830725571,0
"894",179,3,0.554493751022538,363,742,0.471473252,0.643738116,0.643738116,1.31687973,0
"895",179,4,0.591804397801584,551,365,0.776698353,0.643738116,0.643738116,0.266799003,1
"896",179,5,0.591804397801584,335,343,0.776698353,0.643738116,0.643738116,0.266799003,0
"897",180,1,0.150554890989817,468,637,-0.572448496,1.49423964,1.49423964,-1.639570526,0
"898",180,2,0.150554890989817,179,217,-0.572448496,1.49423964,1.49423964,-1.639570526,0
"899",180,3,0.150554890989817,175,252,-0.572448496,1.49423964,1.49423964,-1.639570526,0
"900",180,4,0.150554890989817,469,417,-0.572448496,1.49423964,1.49423964,-1.639570526,0
"901",180,5,0.150554890989817,168,239,-0.572448496,1.49423964,1.49423964,-1.639570526,0
"902",181,1,0.12965410315836,536,627,0.776698353,1.49423964,1.49423964,-0.741697737,0
"903",181,2,0.12965410315836,291,18,0.776698353,1.49423964,1.49423964,-0.741697737,0
"904",181,3,0.12965410315836,293,122,0.776698353,1.49423964,1.49423964,-0.741697737,0
"905",181,4,0.12965410315836,533,368,0.776698353,1.49423964,1.49423964,-0.741697737,0
"906",181,5,0.12965410315836,534,697,0.776698353,1.49423964,1.49423964,-0.741697737,0
"907",182,1,0.147170129422593,232,102,0.471473252,-0.393788889,-0.393788889,0.266799003,0
"908",182,2,0.213865965505085,239,394,0.471473252,-0.393788889,-0.393788889,0.340670342,1
"909",182,3,0.247885095056089,242,17,0.471473252,-0.393788889,-0.393788889,0.376708903,0
"910",182,4,0.266909501467484,492,91,0.357442558,-0.393788889,-0.393788889,0.376708903,0
"911",182,5,0.311779588044009,231,727,0.471473252,-0.149807866,-0.149807866,-0.013839696,0
"912",183,1,0.0955159143160281,49,612,-0.572448496,-0.890212447,-0.890212447,-0.101636954,1
"913",183,2,0.207419894295759,405,699,-0.572448496,-1.01100296,-1.01100296,-0.013839696,0
"914",183,3,0.207419894295759,39,134,-0.572448496,-1.01100296,-1.01100296,-0.013839696,1
"915",183,4,0.215175019314894,25,482,-0.572448496,-0.890212447,-0.890212447,-0.340579242,0
"916",183,5,0.240196038496734,57,146,-0.572448496,-0.751539609,-0.751539609,-0.147060021,0
"917",184,1,0.13129992006362,319,347,0.956547268,1.49423964,1.49423964,-0.616712577,0
"918",184,2,0.13129992006362,542,197,0.956547268,1.49423964,1.49423964,-0.616712577,0
"919",184,3,0.13129992006362,546,178,0.956547268,1.49423964,1.49423964,-0.616712577,0
"920",184,4,0.13129992006362,322,614,0.956547268,1.49423964,1.49423964,-0.616712577,0
"921",184,5,0.13129992006362,543,416,0.956547268,1.49423964,1.49423964,-0.616712577,0
"922",185,1,0.31151577408896,54,507,-0.810535068,-1.581034348,-1.581034348,1.414353547,0
"923",185,2,0.313137991683258,61,652,-0.572448496,-1.639209223,-1.639209223,1.341555111,1
"924",185,3,0.361659742837266,95,386,-0.572448496,-1.213548964,-1.213548964,1.084605966,0
"925",185,4,0.444387768170241,48,740,-0.572448496,-1.745027626,-1.745027626,1.291991927,1
"926",185,5,0.503286925860743,421,737,-1.109636079,-1.300118066,-1.300118066,1.31687973,1
"927",186,1,0.0440099782322166,237,114,0.776698353,0.643738116,0.643738116,-0.741697737,0
"928",186,2,0.0440099782322166,236,362,0.776698353,0.643738116,0.643738116,-0.741697737,0
"929",186,3,0.0440099782322166,235,567,0.776698353,0.643738116,0.643738116,-0.741697737,0
"930",186,4,0.0440099782322166,495,10,0.776698353,0.643738116,0.643738116,-0.741697737,0
"931",186,5,0.0440099782322166,493,672,0.776698353,0.643738116,0.643738116,-0.741697737,1
"932",187,1,0.0462517773292655,274,723,0.776698353,0.172880205,0.172880205,-0.101636954,0
"933",187,2,0.0462517773292655,523,125,0.776698353,0.172880205,0.172880205,-0.101636954,0
"934",187,3,0.248702043840062,532,611,0.776698353,0.172880205,0.172880205,0.190349155,0
"935",187,4,0.25354165174079,522,639,0.956547268,0.172880205,0.172880205,-0.241291892,0
"936",187,5,0.283081041539531,503,504,0.776698353,0.172880205,0.172880205,-0.340579242,0
"937",188,1,0.129366265198485,269,551,0.471473252,1.49423964,1.49423964,-0.951183901,0
"938",188,2,0.129366265198485,513,625,0.471473252,1.49423964,1.49423964,-0.951183901,0
"939",188,3,0.129366265198485,268,152,0.471473252,1.49423964,1.49423964,-0.951183901,0
"940",188,4,0.129366265198485,514,592,0.471473252,1.49423964,1.49423964,-0.951183901,0
"941",188,5,0.129366265198485,515,552,0.471473252,1.49423964,1.49423964,-0.951183901,1
"942",189,1,0.171513919956386,133,293,-1.109636079,1.49423964,1.49423964,-1.973771313,1
"943",189,2,0.171513919956386,132,247,-1.109636079,1.49423964,1.49423964,-1.973771313,1
"944",189,3,0.171513919956386,137,220,-1.109636079,1.49423964,1.49423964,-1.973771313,0
"945",189,4,0.171513919956386,124,477,-1.109636079,1.49423964,1.49423964,-1.973771313,0
"946",189,5,0.171513919956386,134,587,-1.109636079,1.49423964,1.49423964,-1.973771313,0
"947",190,1,0.0440099782322166,237,114,0.776698353,0.643738116,0.643738116,-0.741697737,0
"948",190,2,0.0440099782322166,236,362,0.776698353,0.643738116,0.643738116,-0.741697737,0
"949",190,3,0.0440099782322166,235,567,0.776698353,0.643738116,0.643738116,-0.741697737,0
"950",190,4,0.0440099782322166,495,10,0.776698353,0.643738116,0.643738116,-0.741697737,0
"951",190,5,0.0440099782322166,493,672,0.776698353,0.643738116,0.643738116,-0.741697737,1
"952",191,1,0.370148528429767,48,740,-0.572448496,-1.745027626,-1.745027626,1.291991927,1
"953",191,2,0.37370350747283,38,665,-0.572448496,-1.793432165,-1.793432165,1.291991927,1
"954",191,3,0.449564288794956,61,652,-0.572448496,-1.639209223,-1.639209223,1.341555111,1
"955",191,4,0.48233279813575,391,348,-1.109636079,-1.839244713,-1.839244713,0.830725571,1
"956",191,5,0.558317207020049,4,160,-1.109636079,-1.793432165,-1.793432165,0.614359355,1
"957",192,1,0.320577154372144,190,264,-0.572448496,0.172880205,0.172880205,-0.147060021,1
"958",192,2,0.324473593923955,178,746,-0.572448496,0.172880205,0.172880205,-0.193586817,0
"959",192,3,0.345715275745678,204,620,-0.572448496,0.172880205,0.172880205,-0.013839696,0
"960",192,4,0.491229893172578,220,385,-0.572448496,0.172880205,0.172880205,0.228911412,0
"961",192,5,0.570593384778266,146,432,-0.572448496,-0.149807866,-0.149807866,-0.101636954,1
"962",193,1,0.0486452538991678,510,13,0.956547268,0.643738116,0.643738116,-0.616712577,0
"963",193,2,0.201862973111804,254,186,0.776698353,0.643738116,0.643738116,-0.616712577,0
"964",193,3,0.222362902325336,236,362,0.776698353,0.643738116,0.643738116,-0.741697737,0
"965",193,4,0.222362902325336,235,567,0.776698353,0.643738116,0.643738116,-0.741697737,0
"966",193,5,0.222362902325336,237,114,0.776698353,0.643738116,0.643738116,-0.741697737,0
"967",194,1,0.285724425439457,551,365,0.776698353,0.643738116,0.643738116,0.266799003,1
"968",194,2,0.285724425439457,335,343,0.776698353,0.643738116,0.643738116,0.266799003,0
"969",194,3,0.324048839539639,284,137,0.471473252,0.643738116,0.643738116,-0.101636954,0
"970",194,4,0.326088941673717,281,390,0.776698353,0.643738116,0.643738116,-0.340579242,1
"971",194,5,0.338821152471787,528,267,0.471473252,0.643738116,0.643738116,-0.147060021,0
"972",195,1,0.279352460886526,280,201,0.471473252,-0.589133831,-0.589133831,1.341555111,0
"973",195,2,0.368084580605866,525,430,0.471473252,-0.751539609,-0.751539609,1.438225239,0
"974",195,3,0.415806898340655,512,411,0.471473252,-0.890212447,-0.890212447,1.366022838,0
"975",195,4,0.438066539590442,295,428,0.776698353,-0.751539609,-0.751539609,1.366022838,0
"976",195,5,0.445072110078698,276,572,0.776698353,-0.589133831,-0.589133831,0.800933818,0
"977",196,1,0.13129992006362,319,347,0.956547268,1.49423964,1.49423964,-0.616712577,0
"978",196,2,0.13129992006362,542,197,0.956547268,1.49423964,1.49423964,-0.616712577,0
"979",196,3,0.13129992006362,546,178,0.956547268,1.49423964,1.49423964,-0.616712577,0
"980",196,4,0.13129992006362,322,614,0.956547268,1.49423964,1.49423964,-0.616712577,0
"981",196,5,0.13129992006362,543,416,0.956547268,1.49423964,1.49423964,-0.616712577,0
"982",197,1,0.0670280003502922,325,558,1.348487,0.643738116,0.643738116,-0.241291892,0
"983",197,2,0.0670280003502922,324,468,1.348487,0.643738116,0.643738116,-0.241291892,0
"984",197,3,0.0826272697782335,540,396,1.348487,0.643738116,0.643738116,-0.340579242,0
"985",197,4,0.0826272697782335,305,601,1.348487,0.643738116,0.643738116,-0.340579242,1
"986",197,5,0.110746358106198,328,378,1.487729835,0.643738116,0.643738116,-0.241291892,0
"987",198,1,0.303785266319338,550,338,1.487729835,-0.589133831,-0.589133831,0.614359355,0
"988",198,2,0.360663366357424,561,183,1.619113475,-0.589133831,-0.589133831,0.770789474,0
"989",198,3,0.374792059436059,548,118,1.348487,-0.589133831,-0.589133831,0.709397,0
"990",198,4,0.610571271923444,257,21,0.956547268,-0.751539609,-0.751539609,0.412182818,0
"991",198,5,0.612218880398603,369,281,1.682186116,-0.393788889,-0.393788889,0.740281188,1
"992",199,1,0.0760773969138405,344,78,1.487729835,0.643738116,0.643738116,-0.101636954,0
"993",199,2,0.0760773969138405,345,538,1.487729835,0.643738116,0.643738116,-0.101636954,0
"994",199,3,0.0762613012938069,347,210,1.487729835,0.643738116,0.643738116,-0.013839696,0
"995",199,4,0.193669897814384,549,532,1.487729835,0.643738116,0.643738116,-0.241291892,0
"996",199,5,0.193669897814384,328,378,1.487729835,0.643738116,0.643738116,-0.241291892,0
"997",200,1,0.181202379122566,95,386,-0.572448496,-1.213548964,-1.213548964,1.084605966,0
"998",200,2,0.225412792258139,436,331,-0.572448496,-1.01100296,-1.01100296,0.918090569,0
"999",200,3,0.296919560716182,432,229,-0.572448496,-1.01100296,-1.01100296,0.830725571,0
"1000",200,4,0.46105169070505,431,288,-0.810535068,-0.890212447,-0.890212447,0.770789474,0
"1001",200,5,0.463781736459973,88,274,-1.109636079,-1.117854791,-1.117854791,1.164186551,0
